Id,BIRTHDATE,DEATHDATE,SSN,DRIVERS,PASSPORT,PREFIX,FIRST,LAST,SUFFIX,MAIDEN,MARITAL,RACE,ETHNICITY,GENDER,BIRTHPLACE,ADDRESS,CITY,STATE,COUNTY,ZIP,LAT,LON,HEALTHCARE_EXPENSES,HEALTHCARE_COVERAGE
e3112f68-6ba0-c2de-a8bb-308d1922fbf4,1976-01-22,,999-70-4839,S99978368,X5365897X,Mr.,Edwardo860,Olson653,,,M,white,nonhispanic,M,Andover  Massachusetts  US,916 Schultz Station,Worcester,Massachusetts,Worcester County,01602,42.297029908122546,-71.8930052390381,1036435.95,9175.679999999997
d8bde556-778b-b02e-fc48-b338a1d6926a,1959-05-14,,999-81-6091,S99913789,X7450830X,Mr.,Prince887,Crist667,,,M,asian,nonhispanic,M,Quincy  Massachusetts  US,671 Haag Grove,Lowell,Massachusetts,Middlesex County,01850,42.61314283323201,-71.3118423624285,1317188.04,12525.119999999997
b0eb64e9-3411-b431-e0c6-5c08cfbf12d1,1980-11-19,1984-01-25,999-31-6358,,,,Margarito178,Gislason620,,,,white,nonhispanic,M,Lowell  Massachusetts  US,601 Schiller Extension,Haverhill,Massachusetts,Essex County,,42.751148535969286,-71.1005683801755,24240.2,245.79999999999998
90a9da53-9348-e91f-a9ad-de714b06a185,1976-04-16,,999-99-1459,S99959073,X41071670X,Mrs.,Saundra460,Koelpin146,,Emmerich580,M,white,nonhispanic,F,Burlington  Massachusetts  US,901 Toy Tunnel Suite 56,Salem,Massachusetts,Essex County,,42.482864817282184,-70.88638926803189,1102465.8699999999,5558.679999999999
efbcd7f4-4f52-ca46-d252-00a2b94f00e8,1990-01-18,,999-16-1368,S99946031,X61814173X,Mr.,Darrick836,Hilll811,,,M,black,nonhispanic,M,Plymouth  Massachusetts  US,615 Schiller Parade,Boston,Massachusetts,Suffolk County,02128,42.347603073923864,-71.10653595384763,672473.69,2908.04
f13f84ee-ccb5-1956-a357-a52fa0463c21,1985-01-21,,999-35-7849,S99992522,X88047885X,Mr.,Scot349,Treutel973,,,M,white,nonhispanic,M,Orleans  Massachusetts  US,930 Cummings Key,Boston,Massachusetts,Suffolk County,,42.3653768065685,-71.05856943874795,739999.31,3054.64
4244d313-4bc9-1bcb-1106-e2c9cd469a5c,2000-06-06,,999-50-8016,S99916153,X43755543X,Mr.,Damian46,Greenholt190,,,,white,nonhispanic,M,Westminster  Massachusetts  US,1069 Sporer Rue,Sharon,Massachusetts,Norfolk County,02067,42.13675822523105,-71.17097890413865,497728.99,3477.24
5629f0b2-1a49-61a3-d645-2ac2fcdc9702,2013-12-02,,999-63-8663,,,,Mason910,Treutel973,,,,black,nonhispanic,M,Springfield  Massachusetts  US,149 Mertz Trail,Westford,Massachusetts,Middlesex County,,42.556707538057054,-71.39128310876733,170761.95,2515.68
ee5065a1-a97a-7e83-797e-fd0908a2ab56,2005-01-17,,999-41-7892,,,,Lesha323,Ebert178,,,,white,nonhispanic,F,Framingham  Massachusetts  US,108 Emard Heights,Boston,Massachusetts,Suffolk County,02120,42.244312830510445,-71.08581470549936,5161.3,0.0
552bd9f6-8f23-9ed9-3cfd-fdbe7e1117e5,1974-04-12,,999-21-7185,S99951363,X39453340X,Ms.,Brandie19,Kuhn96,MD,,S,white,nonhispanic,F,Brockton  Massachusetts  US,335 Botsford Mews,Mansfield,Massachusetts,Bristol County,,41.969421660125384,-71.18102729149457,994531.37,13999.179999999998
53618f4f-a574-666b-20a8-e23c2d61896d,1980-11-19,,999-16-6409,S99938897,X57164400X,Mr.,Mckinley734,Renner328,,,M,white,nonhispanic,M,Southwick  Massachusetts  US,541 Deckow Extension Unit 53,Haverhill,Massachusetts,Essex County,01830,42.74817556260117,-71.16634663849713,42485.13,245.79999999999998
378d2676-cafc-acb6-56ab-305f0075f6ee,1988-10-03,,999-26-7252,S99929871,X3746999X,Mrs.,Vernon254,Jenkins714,,Mitchell808,M,white,nonhispanic,F,Bridgewater  Massachusetts  US,172 O'Kon Loaf,Abington,Massachusetts,Plymouth County,,42.16979814747283,-70.9700124821742,676346.05,5969.399999999999
a0b0299b-28a7-afd3-62d5-08ef89b0579a,2006-12-13,,999-31-2416,,,,Muriel394,Osinski784,,,,white,nonhispanic,F,Bolton  Massachusetts  US,119 Hamill Landing,Weymouth,Massachusetts,Norfolk County,,42.18086307589167,-70.98435786152797,322614.53,3492.2799999999997
4adb0a6f-53b1-99a1-c2a3-812a21e31ba7,1994-04-09,,999-10-9847,S99992098,X11722741X,Ms.,Maggie320,Barrows492,,,,white,nonhispanic,F,Dalton  Massachusetts  US,611 McCullough Rapid,Gardner,Massachusetts,Worcester County,,42.59520807973351,-72.01268511700195,561629.89,6514.399999999999
db022582-875b-8cf5-ec21-7bf4fc1afec1,2012-07-10,,999-50-7347,,,,Vinita997,Von197,,,,black,nonhispanic,F,Malden  Massachusetts  US,476 Bednar Ville,Springfield,Massachusetts,Hampden County,,42.14820701796941,-72.58492424942438,20099.91,894.2699999999999
d836956e-88b5-fe35-e80d-04d01f1133a6,1979-09-22,,999-87-4831,S99932873,X12507536X,Mrs.,Annett908,Watsica258,,Ledner144,M,asian,hispanic,F,Lawrence  Massachusetts  US,288 Tillman Skyway Unit 16,Lowell,Massachusetts,Middlesex County,01851,42.64777062611674,-71.32251710311687,132937.22,11012.239999999998
b3ddbac8-4044-ddee-10c3-16ec7397329d,1992-05-20,,999-25-2549,S99987801,X62122783X,Ms.,Jerrica452,Schiller186,,,S,white,hispanic,F,Tyngsborough  Massachusetts  US,276 Wilderman Neck,Waltham,Massachusetts,Middlesex County,02453,42.40553785170767,-71.18248667679828,33373.4,1457.3999999999999
960e6ad1-b5fc-ec3f-d5c3-76cffb6e375e,1968-04-18,,999-68-8211,S99998317,X50786756X,Mr.,Orval846,Durgan499,,,M,white,nonhispanic,M,Lawrence  Massachusetts  US,860 Williamson Skyway,Barnstable,Massachusetts,Barnstable County,02647,41.60247611492062,-70.40661248100801,1145133.4,5095.28
cf82f4b3-555e-88b9-0daf-26c8137c0615,1992-04-24,,999-61-6188,S99932749,X44122451X,Ms.,Sandie760,Grady603,,,S,white,nonhispanic,F,Pepperell  Massachusetts  US,430 Wintheiser Extension,Brockton,Massachusetts,Plymouth County,,42.08001811850882,-71.07219159007651,58405.53,7924.41
1ef41b5d-8aeb-a860-27f8-b95148ed837c,1953-07-16,1995-01-19,999-92-8817,S99945947,X50642812X,Mr.,Kelvin159,Baumbach677,,,M,white,nonhispanic,M,Hanover  Massachusetts  US,428 Morissette Hollow Unit 53,Groton,Massachusetts,Middlesex County,,42.65534490862997,-71.60216166271967,973861.7500000001,4259.5199999999995
13ae8fe6-0aa6-4ad3-0833-97611c8e85af,1966-03-12,,999-55-8141,S99996249,X2208914X,Mrs.,Nicolette397,Steuber698,,Flatley871,M,white,nonhispanic,F,Easton  Massachusetts  US,706 Hegmann Arcade,Templeton,Massachusetts,Worcester County,,42.53405906509926,-72.0592216749257,1177155.04,12684.539999999999
d73a9893-6c77-b69a-214c-c5c8133950e4,1980-09-23,,999-25-8676,S99918096,X8067206X,Mr.,Martin117,Gleichner915,,,M,white,nonhispanic,M,Watertown  Massachusetts  US,920 Bogisich Route,Lowell,Massachusetts,Middlesex County,,42.64824056253482,-71.32117288670104,869306.1000000001,4887.0
1fa26544-3bba-bf88-bbd0-dd120349897a,1982-08-02,,999-59-5860,S99991934,X30026882X,Mr.,Shon148,White193,MD,,M,white,nonhispanic,M,Westford  Massachusetts  US,587 Halvorson Mall Unit 13,Leicester,Massachusetts,Worcester County,,42.19020882642644,-71.96228091774007,895013.2200000001,4588.759999999999
308dc856-dda2-7987-8a66-10c6ee69b484,1953-07-16,2006-08-09,999-67-6863,S99944993,X15450958X,Mr.,Kyle55,Hackett68,,,M,white,nonhispanic,M,Weymouth  Massachusetts  US,746 Kunde Lane,Groton,Massachusetts,Middlesex County,01450,42.65288824736172,-71.60814984098937,1606840.28,4910.36
0c5001c3-6cbb-8304-4523-e4f9a26f2e84,1982-10-12,,999-29-9897,S99912514,X76177012X,Mr.,Grant908,Walker122,,,M,white,hispanic,M,Lowell  Massachusetts  US,374 Casper Annex,Rowley,Massachusetts,Essex County,01969,42.75081783008981,-70.92046891153761,970972.75,8115.079999999999
548cd532-c498-f2c3-4ddf-f7eac596f46a,1950-09-28,,999-87-2441,S99995261,X48432136X,Mrs.,Larita511,Kuhn96,,Runolfsson901,M,white,nonhispanic,F,Stockbridge  Massachusetts  US,1064 Weimann Village Apt 26,Mansfield,Massachusetts,Bristol County,,42.052110132521456,-71.17591101942517,1528782.78,9755.759999999998
e0177668-0fc7-86c9-5286-bd995813c52d,1980-09-01,,999-45-8507,S99982055,X67061333X,Ms.,Jeannetta566,Rau926,,,S,white,nonhispanic,F,Walpole  Massachusetts  US,515 Ritchie Mall Suite 10,Worcester,Massachusetts,Worcester County,01609,42.21911169370554,-71.8351770516546,880270.05,9652.01
16636a1c-a368-42a4-e094-8f111083494d,2015-03-10,,999-82-5599,,,,Miki234,O'Hara248,,,,black,nonhispanic,F,Worcester  Massachusetts  US,802 Klein Haven Unit 38,Monson,Massachusetts,Hampden County,,42.08337406742524,-72.33458534918195,133213.91,1985.7199999999998
a39b2e31-38cd-660d-bf9f-5ee23eb53f0c,1998-03-09,,999-17-8593,S99988337,X86086468X,Mr.,Marco578,Renner328,,,,white,hispanic,M,East Brookfield  Massachusetts  US,528 Sawayn Stravenue Suite 45,Chicopee,Massachusetts,Hampden County,01020,42.21921390963643,-72.54967913320279,495187.03,3892.24
8caa8128-d75c-5c3f-4378-470e44117f0a,2015-05-24,,999-74-6404,,,,Dia700,Casper496,,,,white,nonhispanic,F,Milton  Massachusetts  US,284 Waelchi Haven,Leominster,Massachusetts,Worcester County,,42.49307254816412,-71.78364994562688,17307.45,2154.04
8a7a2373-2c53-f12f-bce5-7e2504666c98,1947-07-24,1992-02-13,999-24-1777,S99928145,X24494031X,Mr.,Gustavo235,Verduzco998,,,M,white,hispanic,M,Wesley  Saint Andrew Parish  DM,757 Morissette Wynd,Beverly,Massachusetts,Essex County,01915,42.57058013122944,-70.82448531498895,63557.94,2432.12
d22f4431-57f7-a02f-903d-13250a9b6138,1986-07-12,,999-20-8225,S99921458,X51997166X,Mr.,Donn979,Bogan287,,,M,white,nonhispanic,M,Mansfield  Massachusetts  US,840 McKenzie Junction Suite 93,Cambridge,Massachusetts,Middlesex County,02141,42.33965825740963,-71.06715401096231,794550.54,6924.249999999998
3e628bea-7769-e42e-e6d3-01afae66427f,1953-07-16,2017-07-03,999-33-7879,S99936403,X14225388X,Mr.,Calvin845,Abbott774,,,S,white,nonhispanic,M,Boston  Massachusetts  US,837 Hilpert Estate,Groton,Massachusetts,Middlesex County,,42.619065534825715,-71.51561969296077,1542285.31,6489.4
9af138e2-e932-0309-2245-9d82f6817422,2015-12-15,,999-66-1634,,,,Amberly552,Mills423,,,,white,nonhispanic,F,Dedham  Massachusetts  US,656 Trantow Vista Suite 68,Methuen,Massachusetts,Essex County,,42.7679987602959,-71.13071504924632,103780.0,1857.3999999999999
7fcb4073-52c2-9bdf-718a-28cdd5336b7e,1952-01-26,,999-92-2263,S99933804,X69831879X,Ms.,Lakeisha206,Quitzon246,,,S,white,nonhispanic,F,Barre  Massachusetts  US,407 Lakin Walk Suite 19,Braintree,Massachusetts,Norfolk County,02184,42.246562350626846,-70.97244341879697,1513633.0100000002,17740.67
5d066b74-eeb0-3644-34ce-b8e4d10bdbd6,1984-01-08,,999-85-7288,S99929727,X56015227X,Mr.,Kevin729,Reilly981,,,M,white,nonhispanic,M,Taunton  Massachusetts  US,965 Aufderhar Gate,Burlington,Massachusetts,Middlesex County,,42.476153308667115,-71.20972413248198,936431.91,3757.9999999999995
582975a1-c777-1fec-0a83-49d4b60624e0,2009-05-15,,999-92-5441,,,,Sherie778,Rohan584,,,,white,nonhispanic,F,Lawrence  Massachusetts  US,326 Goyette Viaduct,Walpole,Massachusetts,Norfolk County,02081,42.109809852197685,-71.29809546880722,253199.42,3395.5999999999995
a1a88f9b-090b-f6c0-19c3-a2e0c5f230e9,1953-07-16,2020-03-02,999-63-8144,S99943792,X37158569X,Mr.,Prince887,Mraz590,,,M,white,nonhispanic,M,Sharon  Massachusetts  US,680 Ward Gardens Suite 44,Groton,Massachusetts,Middlesex County,01450,42.65905338968824,-71.52961054556592,1368389.9800000002,6804.24
d2518e42-226e-1c60-cfb3-27e72321ff72,1947-07-24,,999-93-1276,S99967584,X73192755X,Mr.,Jorge203,Gastélum330,,,M,white,hispanic,M,Panama City  Panama  PA,778 Little Road,Beverly,Massachusetts,Essex County,,42.591195141080775,-70.8615215861193,211487.24999999997,34918.83
28885941-69a1-e60a-b350-29bf1759ba84,2006-01-28,,999-77-8817,,,,Soila394,Kilback373,,,,white,nonhispanic,F,Barnstable  Massachusetts  US,1041 Abbott Estate,Millbury,Massachusetts,Worcester County,,42.17938671065114,-71.81235750323054,360785.07,5408.76
3f712f0e-1e10-de18-afa0-a234b2d76433,1977-01-27,,999-51-1356,S99948773,X8308879X,Mr.,Beau391,Mertz280,,,M,white,nonhispanic,M,Ipswich  Massachusetts  US,797 Bradtke Forge Suite 69,South Hadley,Massachusetts,Hampshire County,,42.23833256753363,-72.55199005192071,1005575.64,3840.4399999999996
449fb49b-e05b-e7db-4a77-a4388630065a,1947-12-22,,999-41-6870,S99938073,X6667778X,Mrs.,Aleen595,Volkman526,,Lemke654,M,white,nonhispanic,F,Braintree  Massachusetts  US,1054 Boyer Vista,Scituate,Massachusetts,Plymouth County,,42.21466008680565,-70.74318790083693,1486615.02,10646.07
35e19416-5e7f-8bde-dfe2-e1f5ec54785f,1953-07-16,,999-73-3915,S99936281,X88957490X,Mr.,Damon455,Herzog843,,,S,white,nonhispanic,M,Reading  Massachusetts  US,861 Smith Underpass Suite 32,Groton,Massachusetts,Middlesex County,01450,42.65144411972917,-71.52732881563084,1421686.39,10858.02
bd5a07ab-09cc-a747-34ac-6dcfacb5567c,2009-11-30,,999-68-7733,,,,Leroy603,Kertzmann286,,,,white,nonhispanic,M,Ware  Massachusetts  US,503 Jaskolski Hollow Apt 57,Fall River,Massachusetts,Bristol County,02720,41.66571948920858,-71.1756733477481,33436.08,2790.68
54f120e6-86d6-992f-73a1-5197be3a9724,1965-07-02,2020-04-04,999-34-9727,S99971180,X48085296X,Mr.,Ali918,Herman763,,,M,white,nonhispanic,M,Chicopee  Massachusetts  US,240 Reilly Run Apt 50,Mansfield,Massachusetts,Bristol County,,42.04662015001825,-71.23511278957302,1478825.1,5367.92
9ce7484c-ff31-6d6d-2eab-a37b81d60f0e,1966-02-07,,999-48-2586,S99958605,X23163746X,Mr.,Ernest565,Lebsack687,,,M,white,nonhispanic,M,Mansfield  Massachusetts  US,614 Mitchell Path Apt 21,Peabody,Massachusetts,Essex County,01940,42.48850296863482,-70.98153663552283,48975.95,384.9599999999999
1dad78ca-fb1c-5073-9432-5f9bad4fc4ed,2004-02-05,,999-45-9950,S99960724,,,Sal878,Dibbert990,,,,white,nonhispanic,M,Watertown  Massachusetts  US,873 Hand Tunnel Unit 64,Norwell,Massachusetts,Plymouth County,,42.16446847529507,-70.82951598899726,427686.89,3233.12
c43cc5d5-7c82-93a7-8b75-7d4b1420d34b,1958-06-27,,999-90-7800,S99925853,X82247474X,Mrs.,Trena506,Crona259,,Roob72,M,white,nonhispanic,F,Milton  Massachusetts  US,675 Moen Ferry,Lynn,Massachusetts,Essex County,,42.46660794904257,-71.0261555907742,1573136.9200000002,10616.49
8746fc74-0667-aff6-c07d-f494bc381959,2016-08-04,,999-65-1779,,,,Shonda871,Labadie908,,,,white,nonhispanic,F,Everett  Massachusetts  US,694 Lang Glen,Fitchburg,Massachusetts,Worcester County,01420,42.54864716421433,-71.80403085980306,111639.2,1748.24
6558436b-e43b-90a7-3c72-399dea3ad37b,1967-05-23,,999-41-5753,S99919660,X32365747X,Mrs.,Sandra485,Lemke654,,Schulist381,M,white,nonhispanic,F,Braintree  Massachusetts  US,209 McClure Avenue,Northampton,Massachusetts,Hampshire County,01063,42.288460084880064,-72.72232922246239,1192238.3800000001,7847.5599999999995
0655b16e-237a-4b7a-6792-a650d04d3113,1965-07-02,,999-92-4354,S99923559,X38839318X,Mr.,Ryan260,Collier206,,,S,white,nonhispanic,M,Waltham  Massachusetts  US,665 Mraz Bridge Apt 68,Mansfield,Massachusetts,Bristol County,,42.02649105803827,-71.2003244422878,1302499.66,8563.32
bc2c653a-de0e-168b-2363-86af9bd39153,1999-03-16,,999-18-9088,S99937341,X64390718X,Mr.,Horace32,Lynch190,,,,white,nonhispanic,M,Scituate  Massachusetts  US,443 Grant Brook,Somerville,Massachusetts,Middlesex County,02138,42.33741764296841,-71.08851466690554,474834.68,5018.099999999999
56fec4e6-37ac-0cf0-5eeb-bb7812f976b5,1986-02-19,,999-16-6173,S99938064,X15284453X,Mr.,Abdul218,Heller342,,,S,white,nonhispanic,M,Boston  Massachusetts  US,1089 Stokes Junction,Easton,Massachusetts,Bristol County,,42.047801448580536,-71.09434111655185,803724.07,6798.439999999999
a417406e-61b3-cf80-5cf2-6a202c9197c9,1942-09-12,,999-39-4787,S99980701,X24728390X,Mr.,Burl285,Terry864,,,S,white,nonhispanic,M,Quincy  Massachusetts  US,1094 Padberg Esplanade Apt 64,Chicopee,Massachusetts,Hampden County,01020,42.154291411668446,-72.56647491921338,1376298.52,7739.2
7f59dbb0-c2d5-d90a-366f-c1e8ca8fb9fc,1993-02-08,,999-20-1566,S99993848,X81791539X,Mrs.,Amparo58,Hirthe744,,Mills423,M,white,nonhispanic,F,Somerville  Massachusetts  US,685 Bashirian Burg Suite 28,Shrewsbury,Massachusetts,Worcester County,,42.31459010935158,-71.76402226423622,600694.26,9760.949999999999
392fdad9-38c3-0327-ea3b-3b8e89ffb69e,2009-08-05,,999-34-4648,,,,Cleveland582,Robel940,,,,black,nonhispanic,M,Leominster  Massachusetts  US,564 Volkman Frontage road,Auburn,Massachusetts,Worcester County,,42.19816099061238,-71.86280166553132,261079.12,2997.3199999999997
313e022b-caa1-1600-e8cf-e73cd2434ef6,1942-12-06,,999-40-4663,S99990335,X65739444X,Mrs.,Zenaida56,Mante251,,Morissette863,M,native,nonhispanic,F,Lynn  Massachusetts  US,1068 Bogan Ferry,Belchertown,Massachusetts,Hampshire County,,42.24002843120098,-72.35058337837809,1620177.06,10355.259999999998
0b80a844-2aa1-6625-ba83-4dcf4d0b1703,1952-07-06,,999-88-2311,S99972292,X56499512X,Ms.,Adriene242,Runte676,,,S,white,nonhispanic,F,Boston  Massachusetts  US,489 Hyatt Bridge Apt 61,Chatham,Massachusetts,Barnstable County,,41.586431247392206,-69.94109466430476,1489083.22,9744.079999999998
22600fc0-c4fd-7499-5be5-828c4c045720,1973-06-08,,999-81-9291,S99980858,X675596X,Ms.,Tajuana20,Lind531,,,S,white,hispanic,F,Lynn  Massachusetts  US,856 Kassulke Branch,Norfolk,Massachusetts,Norfolk County,,42.1386166590267,-71.33668629724704,158573.82,34121.22
0efbd069-377a-b1ad-fb32-329343e69fa0,1981-08-30,,999-17-5029,S99951368,X86849107X,Ms.,Tien590,Fahey393,,,S,black,nonhispanic,F,Westford  Massachusetts  US,552 Zboncak Passage Unit 11,West Bridgewater,Massachusetts,Plymouth County,,42.05444289090424,-71.03626339612045,828757.32,10797.139999999998
fba9ef6c-1d8c-5a3d-06b4-d7b6b2dce300,1990-10-30,,999-66-5285,S99971877,X24017128X,Mrs.,Roni48,Wuckert783,,Harvey63,M,white,nonhispanic,F,Uxbridge  Massachusetts  US,605 Pfeffer Union,Boston,Massachusetts,Suffolk County,02135,42.33864132180993,-71.14400680595759,45364.24,1260.7699999999998
a651c4f1-e0ac-23f8-e57b-9500d8c94573,1994-04-17,,999-67-1764,S99956747,X7965434X,Mr.,Errol226,Johnson679,,,,white,nonhispanic,M,North Adams  Massachusetts  US,566 Murphy Ville Suite 87,Taunton,Massachusetts,Bristol County,02780,41.85716994756333,-71.09029186474193,552685.88,3363.04
dd2df072-c80f-acd3-4803-5b15e2624730,2008-03-16,,999-74-9816,,,,Linette249,Kreiger457,,,,white,hispanic,F,Hingham  Massachusetts  US,146 Schinner Tunnel,Springfield,Massachusetts,Hampden County,01107,42.0714542259046,-72.63031190429587,39290.02,3681.72
082eb0d6-aa5f-1914-d4b6-02e346d8ccdd,1987-09-18,,999-59-2898,S99994314,X6261629X,Mr.,Agustín529,Jaramillo133,,,M,white,hispanic,M,Roseau  Saint George  DM,821 Klocko Fort Apt 33,Marion,Massachusetts,Plymouth County,,41.73120618075144,-70.70733171296219,692043.0700000001,3872.96
d03ff67c-c358-c881-5817-f9c28842a650,1996-04-28,,999-39-4664,S99970544,X83057588X,Ms.,Christopher407,Kunze215,,,,white,nonhispanic,F,Nice  Provence-Alpes-Cote d'Azur  FR,998 Bradtke Underpass Apt 88,Brockton,Massachusetts,Plymouth County,02302,42.02961866119519,-71.03351170495976,78715.69,6911.139999999999
977fb7f3-1432-6393-913e-b8fcc66a794b,1996-06-22,,999-99-8476,S99934203,X50313682X,Ms.,Ellamae709,Bayer639,,,,white,nonhispanic,F,Southwick  Massachusetts  US,570 Metz Village Unit 30,Arlington,Massachusetts,Middlesex County,02476,42.401795281735616,-71.20564307436203,565699.16,3609.6799999999994
73c2dee5-5f7d-7456-2eae-c2a9c4398545,2007-05-04,,999-50-5890,,,,Wilton999,Pfannerstill264,,,,white,nonhispanic,M,Boston  Massachusetts  US,239 Herzog Quay,Franklin,Massachusetts,Norfolk County,,42.08537833453843,-71.38201093134158,363446.0,2841.52
b6b5f86d-6e45-a474-1514-4bf2cd919cb2,1979-11-19,,999-70-6948,S99950641,X77910182X,Mr.,Adalberto916,MacGyver246,,,S,white,nonhispanic,M,Bellingham  Massachusetts  US,993 Schuster Parade,Framingham,Massachusetts,Middlesex County,,42.26636822655571,-71.39838449468935,126340.55,3876.2999999999997
fcb780da-4c38-a354-5605-3ec8118e76f1,1960-04-25,,999-91-6716,S99975788,X78072996X,Mr.,Jacobo456,Bahena335,,,S,white,hispanic,M,Mexico City  Mexico City  MX,253 Torphy Extension Apt 24,Boston,Massachusetts,Suffolk County,02215,42.37354937589196,-71.16891890326613,1286053.8400000003,6675.08
4cfe4432-ba4b-32e2-cfc6-d3ce53f8a977,1975-07-19,,999-49-7761,S99943682,X63110601X,Mr.,Octavio643,Sporer811,,,M,white,nonhispanic,M,Quincy  Massachusetts  US,899 Buckridge Dale,Ludlow,Massachusetts,Hampden County,,42.15466199786828,-72.45241697380544,16254.46,0.0
f9f105cf-d0e3-7224-c332-31f97d07717e,2019-03-29,,999-58-5135,,,,Marco Antonio298,Sedillo152,,,,black,hispanic,M,Portsmouth  Saint John Parish  DM,653 Cole Bay Suite 17,Boston,Massachusetts,Suffolk County,02128,42.3651430325296,-71.0485485016907,37950.0,1141.6
7e923065-8d35-d28b-413d-63ac06defe0e,2013-01-02,,999-91-1472,,,,Gema698,Nikolaus26,,,,white,nonhispanic,F,Boston  Massachusetts  US,752 Wunsch Estate Suite 22,Shrewsbury,Massachusetts,Worcester County,,42.328749233911644,-71.72091375424802,202389.11,2291.5299999999997
47732e4b-b225-84ba-53f8-ef55ea03133d,1960-08-08,,999-51-1908,S99989213,X67603205X,Mr.,Sergio619,Deckow585,,,S,white,nonhispanic,M,Greenfield  Massachusetts  US,856 Hoppe Esplanade,Westborough,Massachusetts,Worcester County,,42.258370006704304,-71.65176978173297,190816.16,20059.39
634b540d-7cf0-7072-c98f-f46dfe20cc78,1998-10-22,2020-03-20,999-17-2432,S99952997,X16885877X,Mr.,Clair921,Wiza601,,,,white,nonhispanic,M,Waltham  Massachusetts  US,308 VonRueden Haven Suite 76,Melrose,Massachusetts,Middlesex County,,42.466819950278655,-71.04055190591399,573587.12,2736.48
6e7898ac-160c-8884-6520-e3cb6a7b7471,2008-06-29,,999-63-7143,,,,Deangelo7,Larkin917,,,,white,nonhispanic,M,Reading  Massachusetts  US,620 Cartwright Bridge Apt 39,Gloucester,Massachusetts,Essex County,01930,42.602306403009536,-70.63894677001035,333132.6,2712.3599999999997
cf3c7f31-64b1-5b68-73a4-adddc0f4cf56,1989-01-11,2020-07-08,999-63-2392,S99975531,X83806541X,Mrs.,Tamara8,Ward668,,Windler79,M,white,nonhispanic,F,Boston  Massachusetts  US,1049 O'Connell Vale,Brockton,Massachusetts,Plymouth County,02301,42.07049176290365,-70.94218729754479,446866.63,3950.0099999999998
732e459f-9198-2261-e4e8-0df5f9d1de4e,1948-12-16,2005-07-21,999-38-3312,S99952744,X47391241X,Mrs.,Marlene554,Hoeger474,,Yost751,M,white,nonhispanic,F,Stoughton  Massachusetts  US,1005 Kris Approach Apt 87,Falmouth,Massachusetts,Barnstable County,,41.57750202676455,-70.61484878318696,1309753.34,6842.639999999999
fa95c7a3-3aa5-eee5-d24d-6084e2afe7e3,1992-08-02,,999-73-9580,S99914642,X78539100X,Mrs.,Andrea7,Arias66,,Colunga237,M,black,hispanic,F,Tegucigalpa  Francisco Morazán  HN,854 Ferry Row,Boston,Massachusetts,Suffolk County,02118,42.34835081659497,-70.97364808824315,575048.68,6113.099999999999
7c6a9bd9-8654-ac16-8c79-73f2b4f36cea,1998-10-22,,999-36-3274,S99938156,X49074424X,Mr.,Forest317,Gibson10,,,,white,nonhispanic,M,Abington  Massachusetts  US,866 Mosciski Wall,Melrose,Massachusetts,Middlesex County,02176,42.4846232655961,-71.07637926258006,509554.37,3206.3999999999996
b7a7a524-942c-434d-e7f1-8edcec4b2c72,1972-07-30,,999-74-5055,S99922637,X61509978X,Mr.,Barton704,West559,,,S,black,nonhispanic,M,Dover  Massachusetts  US,787 Lubowitz Avenue Suite 91,Lawrence,Massachusetts,Essex County,01841,42.673311279763766,-71.17516496929322,47809.630000000005,0.0
5b17fdff-eb68-85ce-78b3-04b2badf85f2,2017-11-10,,999-94-9651,,,,Daniell603,Walker122,,,,white,nonhispanic,F,Worcester  Massachusetts  US,809 Kshlerin Forge,Reading,Massachusetts,Middlesex County,01867,42.53811040198757,-71.08717154982361,76455.0,1869.8799999999997
5420c14a-15aa-5b1c-eebc-3cbefe9d021c,1985-01-05,,999-97-9592,S99995195,X74666169X,Mr.,Osvaldo336,Frami345,,,M,asian,nonhispanic,M,Canton  Massachusetts  US,160 Romaguera Mews Suite 21,Acton,Massachusetts,Middlesex County,,42.457309568992265,-71.46995344796991,740946.66,3724.5599999999995
35ad73fb-5f24-0aef-66ef-d3de292a9cc1,1939-04-29,,999-78-1912,S99934484,X49182629X,Mr.,Jarrod316,Hermiston71,,,M,white,nonhispanic,M,Melrose  Massachusetts  US,593 Hessel Stravenue,Easthampton,Massachusetts,Hampshire County,01027,42.22728459700963,-72.64186224543823,1653454.17,459739.8300000009
56a97271-9e32-26a4-85f0-25cb46bf1cbd,1981-09-04,,999-20-1819,S99984901,X59239940X,Mrs.,Santa373,Kub800,,Larkin917,M,white,nonhispanic,F,Gardner  Massachusetts  US,717 Beer Parade,Easton,Massachusetts,Bristol County,,41.993674323849696,-71.07725623467121,946132.8400000001,10095.24
beb311f4-722e-846b-7b1f-3b3dd91f4061,1945-08-25,1990-08-23,999-12-4730,S99962498,X47560990X,Mrs.,Edie35,Zboncak558,,Dibbert990,M,white,nonhispanic,F,Westfield  Massachusetts  US,860 Batz Plaza,Fall River,Massachusetts,Bristol County,02724,41.67609409083977,-71.1764964590284,1066398.65,3722.0799999999995
a99ef938-c231-8b74-294b-bb758e99f490,2012-01-17,,999-20-8472,,,,Layne115,Cruickshank494,,,,white,nonhispanic,F,Andover  Massachusetts  US,293 Parisian Lodge,Plymouth,Massachusetts,Plymouth County,02360,41.904822115399654,-70.58357875673296,216472.59,2388.2
43aeb460-5b04-69fa-93c1-f8a70f6f4c0e,1948-12-16,,999-86-7786,S99956144,X86780664X,Mrs.,Sona831,Skiles927,,MacGyver246,M,white,nonhispanic,F,Ipswich  Massachusetts  US,464 Kutch Well Suite 91,Falmouth,Massachusetts,Barnstable County,02540,41.559901257479495,-70.62973527683813,1306090.03,14729.97
2032801f-42a2-dbf9-3003-7afdf355c2d0,2003-07-07,,999-71-7343,S99992907,,,Lincoln623,Sauer652,,,,white,nonhispanic,M,Dartmouth  Massachusetts  US,448 Muller Key,Wrentham,Massachusetts,Norfolk County,,42.0991258373795,-71.34803046049147,383875.02,6291.039999999999
01e17608-4de7-668a-b020-26f30183bd4c,1989-01-11,,999-53-7152,S99997273,X29565799X,Ms.,Cassidy160,Mayert710,,,S,white,nonhispanic,F,Lynn  Massachusetts  US,834 Runolfsson Center,Brockton,Massachusetts,Plymouth County,02351,42.04078625990948,-71.06321937993862,438110.18,8730.039999999999
95ce8e97-01ce-5e8d-ab2b-61ad590afca0,1974-08-04,,999-80-6558,S99978254,X71449004X,Mr.,Rich940,Kuhlman484,,,M,white,nonhispanic,M,Holbrook  Massachusetts  US,200 McCullough Grove,Barnstable,Massachusetts,Barnstable County,02601,41.73640757128229,-70.31349871011587,951852.99,3282.12
ea41d4a5-fd7c-b662-12a8-8ca37f3f41ad,1945-08-25,,999-48-7737,S99978168,X64053409X,Mrs.,Beaulah36,Deckow585,,Gibson10,M,white,nonhispanic,F,Boston  Massachusetts  US,797 Hegmann Gardens,Fall River,Massachusetts,Bristol County,02790,41.67221658639744,-71.05709300761175,1486055.52,13760.849999999999
5053ed2b-c7ec-a830-a6ac-463b900ea1bf,1979-05-12,,999-81-7797,S99995575,X14467957X,Mrs.,Stephany248,Runolfsson901,,Emmerich580,M,white,nonhispanic,F,Kingston  Massachusetts  US,865 Balistreri Divide,Canton,Massachusetts,Norfolk County,,42.20057588577472,-71.16996816487574,1068314.55,4319.7
fc99dc2f-e5b4-e14b-d235-075e1c73cb0e,1994-06-25,,999-36-5978,S99931908,X56700242X,Mr.,Emery884,Cummings51,,,,black,nonhispanic,M,Amherst  Massachusetts  US,318 Batz Forge Apt 21,Boston,Massachusetts,Suffolk County,02108,42.41839074532083,-71.08967700669372,673487.42,4127.16
046ebd87-ed0f-c118-28ad-ce11cc3c7f96,1998-06-18,,999-24-5411,S99943485,X29717614X,Ms.,Cara845,Moen819,,,,white,nonhispanic,F,Grafton  Massachusetts  US,470 Cole Center,Ashby,Massachusetts,Middlesex County,,42.6752379336993,-71.8049720014422,575862.44,8041.8
ade3bb6f-3628-2251-5f52-31ec9e631fb8,1985-03-20,,999-62-6385,S99932519,X78870642X,Mrs.,Donnie175,Ullrich385,,Senger904,M,white,nonhispanic,F,Worcester  Massachusetts  US,1051 Jaskolski Alley,Malden,Massachusetts,Middlesex County,02155,42.47897175784549,-71.10307649686835,753347.55,13331.399999999998
c5883454-8733-8f16-55e3-26d40ba87bc3,1968-06-02,,999-44-1349,S99950411,X76259585X,Mrs.,Kellye282,Moore224,,Gorczany269,M,white,nonhispanic,F,Southampton  Massachusetts  US,1013 Kulas Frontage road,Lynn,Massachusetts,Essex County,01940,42.57959973673549,-71.01674068480116,1337138.86,5417.04
2d4b9f1e-68ba-bc26-deaf-4e21528b6719,1940-01-30,,999-82-6644,S99912265,X18976096X,Mr.,Jacob959,Ryan260,,,M,black,nonhispanic,M,Boston  Massachusetts  US,327 Breitenberg Forge,Bedford,Massachusetts,Middlesex County,01730,42.49834722294046,-71.3126993371802,1437596.4700000002,87470.17999999996
8150fa23-a2fa-c3e1-b90b-ea5200280a76,2000-03-14,,999-37-9449,S99980951,X45945746X,Mr.,Martín25,Collazo246,,,,black,hispanic,M,San Juan  Puerto Rico  PR,264 Hilll Ferry Unit 20,Chelsea,Massachusetts,Suffolk County,02151,42.443230157458075,-71.05750767642829,29828.670000000002,2941.4
6820d52b-74ac-72e2-9aa4-38707fabae2b,1982-05-01,,999-21-3270,S99982488,X18495935X,Mrs.,Ingrid581,Ernser583,,Witting912,M,white,hispanic,F,Boston  Massachusetts  US,1069 Littel Lane,West Springfield,Massachusetts,Hampden County,,42.13435699539027,-72.68611690446721,22970.36,1670.2699999999998
a001bea4-6b4f-849e-ff68-8494c2a26b68,2004-09-08,,999-49-8433,S99957480,,,Craig656,Turner526,,,,asian,nonhispanic,M,Boston  Massachusetts  US,260 Johns Village Unit 67,Revere,Massachusetts,Suffolk County,,42.394131643007825,-70.97019587789339,412884.1,3431.44
db36640b-1cd8-b915-125d-660f7b509925,1958-05-23,,999-15-4389,S99963466,X58560047X,Mrs.,Josefine519,Donnelly343,,Jacobi462,M,white,hispanic,F,Billerica  Massachusetts  US,249 Langworth Trace Suite 14,Springfield,Massachusetts,Hampden County,,42.07563805139895,-72.53131369384427,1568305.13,6169.379999999999
9d2f624a-8e8e-b5ce-a9a0-07294a4ae1f7,1979-09-09,,999-37-7748,S99957752,X8411265X,Mrs.,Traci329,Treutel973,,Romaguera67,M,white,nonhispanic,F,Shirley  Massachusetts  US,1095 Schumm Parade,Peabody,Massachusetts,Essex County,01940,42.49191932628994,-71.01201926484704,132694.02,12052.769999999999
c980dbcf-937e-9358-5e24-e9d1b0585faa,1953-11-14,,999-73-6838,S99943466,X71656378X,Mrs.,Mendy939,Kozey370,,Blick895,M,white,nonhispanic,F,Webster  Massachusetts  US,386 Miller Loaf,Quincy,Massachusetts,Norfolk County,,42.2283807674314,-71.03589851530805,1511647.26,12033.089999999998
6924f4d3-6a4a-8d35-d965-dc6e74e03f3a,1965-11-03,,999-40-2785,S99937768,X53478641X,Mr.,Thurman577,Beier427,,,M,white,nonhispanic,M,North Andover  Massachusetts  US,105 Wiza Bypass,Agawam,Massachusetts,Hampden County,,42.09324896445257,-72.7198750833397,1289135.78,9036.599999999999
d10c2784-5757-2f3f-f2ca-e40c8bfce364,1981-09-04,,999-20-9535,S99947278,X53783646X,Mr.,Russell422,Olson653,,,M,black,nonhispanic,M,Pittsfield  Massachusetts  US,1056 Koch Divide Apt 53,Brockton,Massachusetts,Plymouth County,,42.06525467053351,-71.05379943350681,999854.21,8875.84
e6351ec6-4085-5f82-7f65-6aa6b778ba09,2013-12-21,,999-47-2621,,,,Orlando897,Von197,,,,white,nonhispanic,M,New Bedford  Massachusetts  US,111 Kerluke Station Unit 91,Worcester,Massachusetts,Worcester County,01609,42.26786135704399,-71.8021872031727,25175.579999999998,575.8
dbdf1375-95d0-e816-7af7-e9efe62475d1,1995-09-05,,999-60-7318,S99941855,X961728X,Ms.,Georgeann302,Dare640,,,,white,nonhispanic,F,Wrocław  Lower Silesian  PL,789 Stiedemann Path,Springfield,Massachusetts,Hampden County,01119,42.14958572088079,-72.597385622574,611655.15,6233.56
329129ef-0189-5b14-347d-3d4c60378810,1996-01-29,,999-84-6508,S99994672,X75179903X,Ms.,Cari853,Lang846,,,,white,nonhispanic,F,Weymouth  Massachusetts  US,1029 Dickinson Terrace Apt 79,Northborough,Massachusetts,Worcester County,,42.35472751598322,-71.69036841090212,515821.71,3731.2799999999997
b1c0f543-d8a3-fa14-f798-de99b851b42a,2005-08-16,,999-53-6968,,,,Modesto621,Stanton715,,,,asian,nonhispanic,M,Woburn  Massachusetts  US,433 Lueilwitz Vista,Haverhill,Massachusetts,Essex County,01835,42.797628241350075,-71.08073022863914,339695.94,11028.189999999999
6648fb98-2654-78d9-6857-f834d31592da,1990-10-22,,999-66-6452,S99951670,X45209926X,Mr.,Bud153,Hilpert278,,,M,white,nonhispanic,M,Westport  Massachusetts  US,554 Abbott Brook,Milford,Massachusetts,Worcester County,01757,42.123047443347986,-71.56874866415843,837989.36,3588.08
eb10d186-019a-fe49-095d-14078d8cda76,1956-04-18,,999-15-7840,S99958604,X51186950X,Mrs.,Lacie818,Carroll471,,Gusikowski974,M,white,hispanic,F,Quincy  Massachusetts  US,463 Windler Esplanade,Boston,Massachusetts,Suffolk County,02118,42.31279485189611,-71.08126900108779,1342636.39,9185.72
