Id,ORGANIZATION,NAME,GENDER,SPECIALITY,ADDRESS,CITY,STATE,ZIP,LAT,LON,UTILIZATION
8ea3bc7d-36df-3509-8b74-5660775a88e0,ef58ea08-d883-3957-8300-150554edc8fb,Rosette746 Bruen238,F,GENERAL PRACTICE,60 HOSPITAL ROAD,LEOMINSTER,MA,01453,42.520838,-71.770876,91
2ee06162-61ba-3419-93e4-4ff8d02a3dc3,69176529-fd1f-3b3f-abce-a0a3626769eb,Lesley194 Fisher429,M,GENERAL PRACTICE,330 MOUNT AUBURN STREET,CAMBRIDGE,MA,02138,42.375967,-71.118275,12
2feacd55-9bf9-342e-9f3d-a84d95790fb7,5e765f2b-e908-3888-9fc7-df2cb87beb58,Ludivina884 Steuber698,F,GENERAL PRACTICE,211 PARK STREET,ATTLEBORO,MA,02703,41.931653,-71.294503,110
38d09b4e-b7f4-311d-ba9d-a02f64e3f435,f1fbcbfb-fcfa-3bd2-b7f4-df20f1b3c3a4,Dagny669 Wyman904,F,GENERAL PRACTICE,ONE GENERAL STREET,LAWRENCE,MA,01842,42.700273,-71.161357,117
f7312747-e4e9-36b2-a710-7497e07dda99,e002090d-4e92-300e-b41e-7d1f21dee4c6,Caitlyn56 Medhurst46,F,GENERAL PRACTICE,1493 CAMBRIDGE STREET,CAMBRIDGE,MA,02138,42.375967,-71.118275,149
95014e48-1141-3471-a79c-3f719e42b8a6,ef6ab57c-ed94-3dbe-9861-812d515918b3,Tuan998 Fadel536,M,GENERAL PRACTICE,88 LEWIS BAY ROAD,HYANNIS,MA,02601,41.748854,-70.74053599999998,19
b89de901-eaf7-34ec-ad71-e0f06fb96ace,49318f80-bd8b-3fc7-a096-ac43088b0c12,Almeta56 Carter549,F,GENERAL PRACTICE,30 LOCUST STREET,NORTHAMPTON,MA,01060,42.327044,-72.67463000000002,99
1f9eea4b-7e81-3811-aa9b-eac6776915b2,8b58cdd1-3d79-3126-8fe0-da2c54d6805c,Elvin140 Herzog843,M,GENERAL PRACTICE,2100 DORCHESTER AVENUE,BOSTON,MA,02124,42.33196,-71.020173,38
c27366e6-da49-3fcf-a50e-092f9b3c5073,4bdaa4c2-c664-3089-aee2-7137abbad27f,Burt293 Quigley282,M,GENERAL PRACTICE,100 SOUTH STREET,SOUTHBRIDGE,MA,01550,42.059669,-72.03404,17
2de6cb0f-b1a3-3c94-91ba-6299dbed86ab,ecc51621-0af3-3b35-ac3e-8b1e34022e92,Cecille691 Halvorson124,F,GENERAL PRACTICE,795 MIDDLE STREET,FALL RIVER,MA,02721,41.725351,-71.094162,123
1d904f60-6baf-3488-8ece-3279319895d5,5d4b9df1-93ae-3bc9-b680-03249990e558,Vicente970 Kilback373,M,GENERAL PRACTICE,575 BEECH STREET,HOLYOKE,MA,01040,42.211656,-72.642448,61
023bb06f-7288-32db-896a-74e4d93d981c,37b4d73f-652d-3033-a16e-d97b9e8b4cda,Jerold208 Spencer878,M,GENERAL PRACTICE,25 HIGHLAND AVENUE,NEWBURYPORT,MA,01950,42.812141,-70.886646,83
a0f2a23e-72f8-34fc-ae40-273007c96ccd,5844ad77-f653-3c2b-b7dd-e97576ab3b03,Franklin857 Bayer639,M,GENERAL PRACTICE,40 WRIGHT STREET,PALMER,MA,01069,42.187794,-72.30846899999997,93
6db5d770-d988-3ad3-973d-2c1c8c3b6df4,08bcda9c-f8c8-3244-82d4-fc306a7a55d3,Jesus702 Crona259,M,GENERAL PRACTICE,1 BOSTON MEDICAL CENTER PLACE,BOSTON,MA,02118,42.33196,-71.020173,8
d0c2a401-e26e-3984-bff9-c4c95eae27af,37c0de84-bcaf-3624-82bf-a89b2ac441b8,Octavio643 Schaefer657,M,GENERAL PRACTICE,85 HERRICK STREET,BEVERLY,MA,01915,42.556659,-70.84496,248
3eec1bf9-e6bc-3084-84a5-2359ca21ed8d,4861d01f-019c-3dac-a153-8334e50919f9,Jame231 Jacobi462,M,GENERAL PRACTICE,81 HIGHLAND AVENUE,SALEM,MA,01970,42.50128,-70.897502,134
d7f60633-baa0-37c4-9ab2-0eb2b547d94c,f71ce1a9-cca7-3295-9a1e-c88ac3479b6f,Marvin195 Glover433,M,GENERAL PRACTICE,157 UNION STREET,MARLBOROUGH,MA,01752,42.349617,-71.547214,83
2336ce57-d361-3a13-b1b9-dbc981cde953,c44f361c-2efb-3050-8f97-0354a12e2920,Mauro926 Thompson596,M,GENERAL PRACTICE,680 CENTER STREET,BROCKTON,MA,02302,42.082543,-71.024638,359
a67b4cd5-de9e-3cb2-aef0-9221923c368d,331f4c11-d298-308b-aaa1-d7825b29b57f,Eleonora961 Langosh790,F,GENERAL PRACTICE,201 HIGHLAND STREET,CLINTON,MA,01510,42.411887,-71.690005,41
df9e5be1-2607-3dc5-81a7-87571123500f,b1ddf812-1fdd-3adf-b1d5-32cc8bd07ebb,Ingrid581 Jacobson885,F,GENERAL PRACTICE,275 SANDWICH STREET,PLYMOUTH,MA,02360,41.897892,-70.62403,5
67b281e2-2988-39c5-a353-bf8deaaef729,6be05ccf-ef94-341f-a2a3-1cf9bfde1b18,Robbie31 Friesen796,F,GENERAL PRACTICE,107 LINCOLN STREET,WORCESTER,MA,01605,42.269478,-71.807783,153
cc9dc550-cde7-39b8-ad40-40c4edd0a899,b0e04623-b02c-3f8b-92ea-943fc4db60da,Dong972 Oberbrunner298,M,GENERAL PRACTICE,295 VARNUM AVENUE,LOWELL,MA,01854,42.638893,-71.32210699999997,386
437f0108-c56d-3e4e-8d29-18195c152c73,ebc3f5c4-6700-34af-8323-85621c313726,Benedict104 Ziemann98,M,GENERAL PRACTICE,115 WEST SILVER STREET,WESTFIELD,MA,01085,42.138838,-72.755911,129
0c1245b6-f6a7-3201-a0e2-6ea184bd9cd9,fd328395-ab1d-35c6-a2d0-d05a9a79cf11,Douglass930 Windler79,M,GENERAL PRACTICE,271 CAREW STREET,SPRINGFIELD,MA,01104,42.115454,-72.539978,64
09a63491-b450-317a-8023-0b8a70944c00,d692e283-0833-3201-8e55-4f868a9c0736,Berry486 Borer986,M,GENERAL PRACTICE,585 LEBANON STREET,MELROSE,MA,02176,42.455723,-71.05901899999998,415
52599438-5674-3e0c-97b3-62c948afddd0,d78e84ec-30aa-3bba-a33a-f29a3a454662,Man114 Kuhic920,M,GENERAL PRACTICE,55 FRUIT STREET,BOSTON,MA,02114,42.33196,-71.020173,3
38c396ab-0782-30ce-8168-7fa6840b7f60,8ad64ecf-c817-3753-bee7-006a8e662e06,Thea616 Harris789,F,GENERAL PRACTICE,88 WASHINGTON STREET,TAUNTON,MA,02780,41.903323,-71.094984,283
9b0b394d-c3a2-3c4a-94c7-95b05121586e,23834663-ed53-3da9-b330-d6e1ecb8428e,Teodora360 Kihn564,F,GENERAL PRACTICE,363 HIGHLAND AVENUE,FALL RIVER,MA,02720,41.725351,-71.094162,25
60088de4-5fa7-344a-8520-0009181f4d72,44bef9d3-91c2-3005-93e0-ccf436348ff0,Nelda514 Blanda868,F,GENERAL PRACTICE,243 CHARLES STREET,BOSTON,MA,02114,42.33196,-71.020173,22
dabeb38b-88d5-3807-8a4c-5fece502d0a0,60457c13-adb2-3415-82c5-86ab5dab5f93,Margery365 Paucek755,F,GENERAL PRACTICE,759 CHESTNUT STREET,SPRINGFIELD,MA,01199,42.115454,-72.539978,128
2e7b6bca-9491-3a6b-82ab-9dba37930800,a9f20dc1-5147-3789-bcef-bbecb41c5983,Deon400 Schulist381,M,GENERAL PRACTICE,70 EAST STREET,METHUEN,MA,01844,42.742751,-71.178588,80
9dd612af-d47c-3eb3-b1eb-99d82d351ee2,03347b4d-994e-302b-848b-58019a4e274d,Daniel959 Saucedo620,M,GENERAL PRACTICE,133 OLD ROAD TO 9 ACRE CORNER,W CONCORD,MA,01742,42.269478,-71.807783,147
898cf097-07fd-3230-be42-64add6c8a700,cb6a50e0-af76-3758-99ad-3200ede03fff,Trina350 Cummings51,F,GENERAL PRACTICE,330 BROOKLINE AVENUE,BOSTON,MA,02215,42.33196,-71.020173,63
e3259159-aacf-3ee2-87c8-e193b8f44069,9a7149fa-49fc-3c87-b935-d29c55808717,Rudolf736 Mayert710,M,GENERAL PRACTICE,125 PARKER HILL AVENUE,BOSTON,MA,02120,42.33196,-71.020173,111
09e98a59-b010-361a-b466-aacf883ce70c,24cb4eab-6166-3530-bddc-a5a8a14a4fc1,Wilton999 Pollich983,M,GENERAL PRACTICE,14 PROSPECT STREET,MILFORD,MA,01757,42.158692,-71.521419,127
cc6ae020-1ade-36f7-ae09-9e0e60a2a2cb,e44f438a-601b-30fb-85eb-bfaf8ddcb5ad,Domenica436 Tremblay80,F,GENERAL PRACTICE,242 GREEN STREET,GARDNER,MA,01440,42.586516,-71.988062,170
e735e614-be1a-3c13-9b06-60b6c3810985,ac8356a5-78f8-3a63-8a1e-59e832fd54e7,Grady603 Green467,M,GENERAL PRACTICE,200 GROTON ROAD,AYER,MA,01432,42.562221,-71.58484399999998,256
c6c79342-a0b4-3298-89ee-699d18d34323,db0acede-4abe-3c01-8d03-5c68a190d8c7,Amira620 Nienow652,F,GENERAL PRACTICE,55 FOGG ROAD,SOUTH WEYMOUTH,MA,02190,42.24158900000001,-71.082651,7
3ed99b63-a536-3216-b418-647d5e028701,3d10019f-c88e-3de5-9916-6107b9c0263d,Darrick836 Franecki195,M,GENERAL PRACTICE,2014 WASHINGTON STREET,NEWTON,MA,02462,42.331876,-71.208402,35
8cdd2d96-982b-3769-9594-906da3f47aa3,f4e7709c-02f6-37ca-aeea-8247d74e88e7,Leonie332 Hirthe744,F,GENERAL PRACTICE,41 HIGHLAND AVENUE,WINCHESTER,MA,01890,42.452752,-71.144319,213
9ece32c4-6784-311d-aff2-63effbf79e9b,12c9daf5-a29c-36c9-ac55-28972463e566,Leigh689 Rutherford999,M,GENERAL PRACTICE,199 REEDSDALE ROAD,MILTON,MA,02186,42.24158900000001,-71.082651,136
53d160c6-7f72-3649-aa6e-94fdff849edb,27379046-608b-32f0-9df7-8c833cf5d11d,Elinore878 Mosciski958,F,GENERAL PRACTICE,75 FRANCIS STREET,BOSTON,MA,02115,42.33196,-71.020173,30
32ea31c7-f8eb-3c04-a826-ef6375ef4280,226098a2-6a40-3588-b5bb-db56c3a30a04,Hal307 Renner328,M,GENERAL PRACTICE,235 NORTH PEARL STREET,BROCKTON,MA,02301,42.082543,-71.024638,516
a68bdf4b-431d-3068-817f-547acb2cc222,b7175ab4-bde5-3848-891b-579bccb77c7c,Fritz267 Conroy74,M,GENERAL PRACTICE,800 WASHINGTON STREET,BOSTON,MA,02111,42.33196,-71.020173,74
d0319501-4c52-3a06-8bde-928dfb345308,d733d4a9-080d-3593-b910-2366e652b7ea,Winnie378 Witting912,F,GENERAL PRACTICE,1153 CENTRE STREET,BOSTON,MA,02130,42.33196,-71.020173,14
36313a8e-a72f-3f8c-aaa7-29591dde5f95,3bd5eda0-16da-3ba5-8500-4dfd6ae118b8,Courtney281 Bradtke547,M,GENERAL PRACTICE,800 WASHINGTON STREET,NORWOOD,MA,02062,42.18736,-71.195955,438
3c771d94-fb2b-3efc-9f46-a8c843751d14,d5117822-5756-389d-9547-891a372d580f,Owen89 Kunde533,M,GENERAL PRACTICE,67 & 100 TER HEUN DRIVE,FALMOUTH,MA,02540,41.57072,-70.556682,271
88427b6d-74ca-3c34-87b3-28c5814dafb8,f99c74cc-7d1a-3f95-9a33-4a9357bf2f2a,Keven605 Mueller846,M,GENERAL PRACTICE,55 LAKE AVENUE NORTH,WORCESTER,MA,01655,42.269478,-71.807783,35
3265d0bf-348b-39b4-a6ac-50481272fd23,6f122869-a856-3d65-8db9-099bf4f5bbb8,Jarrod316 Crooks415,M,GENERAL PRACTICE,41 & 45 MALL ROAD,BURLINGTON,MA,01803,42.503227,-71.201713,120
504d3427-e8ea-396d-8c90-0af814f07612,465de31f-3098-365c-af70-48a071e1f5aa,Alta896 Schiller186,F,GENERAL PRACTICE,115 LINCOLN STREET,FRAMINGHAM,MA,01701,42.307905,-71.436196,15
1705dc37-36da-3a4a-a733-cb231c0f69e2,1eaf97fa-9de6-38de-a9c4-6efe5dc574be,Sandy901 Turner526,M,GENERAL PRACTICE,123 SUMMER STREET,WORCESTER,MA,01608,42.269478,-71.807783,5
cfaaa845-e124-39f8-90ad-041049ccbe52,80e919cc-df1a-3838-b75e-541564a286e5,Leesa210 Lehner980,F,GENERAL PRACTICE,57 PROSPECT STREET,NANTUCKET,MA,02554,41.293416,-70.10216899999999,108
6cd062a4-9fe4-3bdb-bc8d-55f4059dac5c,956ccb85-bea0-30f9-af48-52f5dd95ff72,Shirl54 Ankunding277,F,GENERAL PRACTICE,30 WARREN STREET,BRIGHTON,MA,02135,42.33196,-71.020173,24
ebf71e4d-c173-3712-a8b7-908dae51d3c9,d7b11827-25f2-350b-bcd8-939fc59851b0,Annika454 Murazik203,F,GENERAL PRACTICE,300 LONGWOOD AVENUE,BOSTON,MA,02115,42.33196,-71.020173,87
59795cf1-4a47-3e9a-83a2-de523754605a,5103c940-0c08-392f-95cd-446e0cea042a,Loma263 Funk324,F,GENERAL PRACTICE,516 CAREW STREET,SPRINGFIELD,MA,01104,42.115454,-72.539978,84
e89f6882-7391-3ada-bb30-b21dc72a169a,ff9863d3-3fa3-3861-900e-f00148f5d9c2,Roscoe437 Hilll811,M,GENERAL PRACTICE,51 BLOSSOM STREET,BOSTON,MA,02114,42.33196,-71.020173,2
9a5ddf1e-c40c-35ff-a4e5-541f59a7b1a2,8881e3ee-e915-31b3-867f-8e2fbe41e887,Roger751 Tromp100,M,GENERAL PRACTICE,225 Boston Road  Suite 107,Lynn,MA,01904,42.470093,-70.95994,3
2ad4f21e-6d08-3738-a2f5-668c43d974a8,78dbf052-6958-3c67-af45-b5a450b70fe4,Josh874 Stamm704,M,GENERAL PRACTICE,95 Ashley Avenue  Suite A,West Springfield,MA,01089,42.139397,-72.62382,1619
658a3936-3be4-392a-8d29-cc526c60ec89,d303f885-b64a-3c2c-b13f-36a97c2522bf,Janice500 Little434,F,CLINICAL SOCIAL WORKER,12 HEMLOCK PARK DR,GROTON,MA,01450-1450,42.61176,-71.565269,0
fb421f09-6354-31bf-bf19-db972c119ce6,d303f885-b64a-3c2c-b13f-36a97c2522bf,Hayley136 Hettinger594,F,CLINICAL SOCIAL WORKER,12 HEMLOCK PARK DR,GROTON,MA,01450-1450,42.61176,-71.565269,0
7ed94ba1-2876-31f6-873e-5130324f628e,d303f885-b64a-3c2c-b13f-36a97c2522bf,Marcellus830 Little434,M,GENERAL PRACTICE,12 HEMLOCK PARK DR,GROTON,MA,01450-1450,42.61176,-71.565269,54
b27d2622-6632-346d-9be2-860839e51ee2,86194e39-0481-37cc-a2a9-27cf83292bfd,Estela596 Satterfield305,F,CHIROPRACTIC,379 MAIN ST,HAVERHILL,MA,01830-4037,42.782945,-71.087436,0
dfce6536-20b4-32e8-b633-635e98360f58,86194e39-0481-37cc-a2a9-27cf83292bfd,Doreatha634 Metz686,F,CHIROPRACTIC,379 MAIN ST,HAVERHILL,MA,01830-4037,42.782945,-71.087436,0
c3f34bec-046c-36e5-8ace-838ac79ee262,86194e39-0481-37cc-a2a9-27cf83292bfd,Alonso270 Upton904,M,CHIROPRACTIC,379 MAIN ST,HAVERHILL,MA,01830-4037,42.782945,-71.087436,0
b734a841-7708-34d6-a78f-778b9cdb119f,86194e39-0481-37cc-a2a9-27cf83292bfd,Danilo179 Satterfield305,M,GENERAL PRACTICE,379 MAIN ST,HAVERHILL,MA,01830-4037,42.782945,-71.087436,24
e6dce21a-534a-30b1-8c5a-6f1ea9a0f6de,df8f32aa-541d-3568-a4ad-f4ea7dd3207a,Sharell873 Runolfsson901,F,CLINICAL SOCIAL WORKER,5 WATSON RD,BELMONT,MA,02478-3924,42.395317,-71.180284,0
93b1b428-51a5-3db2-a7ae-897e8ffc396f,df8f32aa-541d-3568-a4ad-f4ea7dd3207a,Peter292 Runolfsson901,M,GENERAL PRACTICE,5 WATSON RD,BELMONT,MA,02478-3924,42.395317,-71.180284,29
26c14f05-e545-3ffc-aa55-dc06ea5f7aaa,62ed2870-abb8-3835-b924-a33b48f6ebdb,Perry780 Johns824,M,GENERAL PRACTICE,116 PLEASANT ST,EASTHAMPTON,MA,01027-2756,42.265435,-72.670813,43
f4eb3393-3d5e-3200-bfd9-183ea353c92c,6ba56742-6822-3d8f-8c97-e4bfed99b9d4,Dreama246 Kling921,F,GENERAL PRACTICE,130 COLLEGE ST,SOUTH HADLEY,MA,01075-1493,42.256208,-72.58103,29
37f6605b-576e-31c1-b205-b4ae6d70e3be,ef4ee9bd-7af1-33ed-befe-d6ab3c0f0212,Wilburn655 Gislason620,M,CLINICAL SOCIAL WORKER,26 VISTA AVE,LEOMINSTER,MA,01453-3024,42.520876,-71.770611,0
2ab1a6f4-bd3b-3357-8c40-1809cc558b20,ef4ee9bd-7af1-33ed-befe-d6ab3c0f0212,Crysta430 Gislason620,F,GENERAL PRACTICE,26 VISTA AVE,LEOMINSTER,MA,01453-3024,42.520876,-71.770611,14
9bdbfa7e-4a21-3f6c-85e3-160d0830c7f8,4810c1d2-5d3c-3ab5-a813-ae6801ff7f67,Chong355 Watsica258,M,CLINICAL SOCIAL WORKER,927 TEMPLE ST,WHITMAN,MA,02382-1057,42.078974,-70.93939,0
0ad7eb21-308c-31a2-a2c9-d3c3a26dd079,4810c1d2-5d3c-3ab5-a813-ae6801ff7f67,Fredricka415 Watsica258,F,GENERAL PRACTICE,927 TEMPLE ST,WHITMAN,MA,02382-1057,42.078974,-70.93939,34
15626bae-ca7d-3eb7-8859-a92614cd3485,ff917dd4-ffbb-3f4c-b2df-445a7e9d29aa,Luciano237 Herman763,M,CLINICAL SOCIAL WORKER,35 BURT ST,NORTON,MA,02766-2569,41.965340999999995,-71.18178,0
bdff87a9-c825-3d3d-8f1c-425f909f7567,ff917dd4-ffbb-3f4c-b2df-445a7e9d29aa,Tereasa291 Herman763,F,GENERAL PRACTICE,35 BURT ST,NORTON,MA,02766-2569,41.965340999999995,-71.18178,49
e0699fd2-e5a4-324a-ba07-a4be5dd2b682,07dd0bf4-3cf3-3eec-9251-1acc997b65fe,Olimpia983 Spinka232,F,CLINICAL SOCIAL WORKER,274 MAIN ST,GROTON,MA,01450-1236,42.61176,-71.565269,0
095156bd-4c23-386d-85ba-31b1031dc9f7,07dd0bf4-3cf3-3eec-9251-1acc997b65fe,Ozzie259 Spinka232,M,GENERAL PRACTICE,274 MAIN ST,GROTON,MA,01450-1236,42.61176,-71.565269,57
75812e89-08f4-3b66-b04d-7a5faf9efd64,379b60c5-b60d-3f37-b937-a65c2098a3bb,Florida645 Ernser583,F,CHIROPRACTIC,450 PLEASANT ST,BROCKTON,MA,02301-2536,42.082543,-71.024638,0
06b35b9f-da4c-3381-a4ae-02b120ac0879,379b60c5-b60d-3f37-b937-a65c2098a3bb,Elida479 Bauch723,F,CHIROPRACTIC,450 PLEASANT ST,BROCKTON,MA,02301-2536,42.082543,-71.024638,0
9b27a00b-09b6-3715-b8ff-94f6cf2cf7c7,379b60c5-b60d-3f37-b937-a65c2098a3bb,Florida645 Ernser583,F,GENERAL PRACTICE,450 PLEASANT ST,BROCKTON,MA,02301-2536,42.082543,-71.024638,34
5a17cd9d-5c59-3e23-a679-0d5f06a9820a,ff9a3795-40b1-35f9-b4dd-a85566d39072,Takisha161 Batz141,F,CHIROPRACTIC,60 MUNSON MEETING WAY F,CHATHAM,MA,02633-1992,41.621629,-69.98195600000001,0
0232afbf-a957-337d-91d7-6bfc855d0e0c,ff9a3795-40b1-35f9-b4dd-a85566d39072,Nestor901 Batz141,M,GENERAL PRACTICE,60 MUNSON MEETING WAY F,CHATHAM,MA,02633-1992,41.621629,-69.98195600000001,58
309fb60b-483f-34c0-8dff-95d5bcb8f02b,73b36bb4-468a-3ea8-9cfc-ee11ee3d01d6,Tari300 Schamberger479,F,GENERAL PRACTICE,271 MAIN ST,STONEHAM,MA,02180-3580,42.474208000000004,-71.097665,44
4a81877c-6181-3fc8-be32-c959e63202a6,5e241bed-136b-3a90-a3d6-42f7b9cab3c2,Cecily421 Lehner980,F,NURSE PRACTITIONER,93 POND ST,SHARON,MA,02067-2015,42.108463,-71.185182,0
0bbfca62-28ca-3947-9033-2490bfa6734b,5e241bed-136b-3a90-a3d6-42f7b9cab3c2,Wilhemina814 Hegmann834,F,NURSE PRACTITIONER,93 POND ST,SHARON,MA,02067-2015,42.108463,-71.185182,0
33aa5f4e-78dd-320e-a47e-4cb7155e2b41,5e241bed-136b-3a90-a3d6-42f7b9cab3c2,Sandy901 Pacocha935,M,NURSE PRACTITIONER,93 POND ST,SHARON,MA,02067-2015,42.108463,-71.185182,0
59c231b6-89ff-36ce-b489-b016141fb2a2,5e241bed-136b-3a90-a3d6-42f7b9cab3c2,Corinne382 Rath779,F,NURSE PRACTITIONER,93 POND ST,SHARON,MA,02067-2015,42.108463,-71.185182,0
2f688482-815f-3537-b07f-ec3199594ad8,5e241bed-136b-3a90-a3d6-42f7b9cab3c2,Tessie155 Gutmann970,F,NURSE PRACTITIONER,93 POND ST,SHARON,MA,02067-2015,42.108463,-71.185182,0
fcd1fd18-50ea-3e91-bf6c-6d3d6a037bf2,5e241bed-136b-3a90-a3d6-42f7b9cab3c2,Soledad678 Casper496,F,NURSE PRACTITIONER,93 POND ST,SHARON,MA,02067-2015,42.108463,-71.185182,0
e3991981-c54c-3c6b-aea9-f41ff2a8b866,5e241bed-136b-3a90-a3d6-42f7b9cab3c2,Carmina141 Orn563,F,NURSE PRACTITIONER,93 POND ST,SHARON,MA,02067-2015,42.108463,-71.185182,0
0fa7c7fd-a4b4-327c-8751-9e6c75c7fb5a,5e241bed-136b-3a90-a3d6-42f7b9cab3c2,Bebe406 Kuhic920,F,NURSE PRACTITIONER,93 POND ST,SHARON,MA,02067-2015,42.108463,-71.185182,0
3c6d03e0-530a-3954-a2b7-e06533e22fd4,5e241bed-136b-3a90-a3d6-42f7b9cab3c2,Fritz267 Lehner980,M,GERIATRIC MEDICINE,93 POND ST,SHARON,MA,02067-2015,42.108463,-71.185182,0
a8f82cd9-16eb-3b16-abbb-f94d530846ef,5e241bed-136b-3a90-a3d6-42f7b9cab3c2,Fritz267 Lehner980,M,CLINICAL PSYCHOLOGIST,93 POND ST,SHARON,MA,02067-2015,42.108463,-71.185182,0
0db9d5fa-0af2-3572-871f-d895bc6d962d,5e241bed-136b-3a90-a3d6-42f7b9cab3c2,Fritz267 Lehner980,M,PHYSICIAN ASSISTANT,93 POND ST,SHARON,MA,02067-2015,42.108463,-71.185182,0
ac598a84-c3bc-3157-b4a8-5315335e0bd1,5e241bed-136b-3a90-a3d6-42f7b9cab3c2,Cecily421 Lehner980,F,FAMILY PRACTICE,93 POND ST,SHARON,MA,02067-2015,42.108463,-71.185182,0
aa8d9586-77d1-3eda-992d-23166ed55ac9,5e241bed-136b-3a90-a3d6-42f7b9cab3c2,Wilhemina814 Hegmann834,F,FAMILY PRACTICE,93 POND ST,SHARON,MA,02067-2015,42.108463,-71.185182,0
671c4f4d-2790-30d2-bde4-91410a8b9f86,5e241bed-136b-3a90-a3d6-42f7b9cab3c2,Diana207 Pacocha935,F,FAMILY PRACTICE,93 POND ST,SHARON,MA,02067-2015,42.108463,-71.185182,0
2c938f63-9fce-3c63-8f7c-1c996e02f919,5e241bed-136b-3a90-a3d6-42f7b9cab3c2,Corinne382 Rath779,F,FAMILY PRACTICE,93 POND ST,SHARON,MA,02067-2015,42.108463,-71.185182,0
f99247ab-8310-31be-b948-efe9a2962ccb,5e241bed-136b-3a90-a3d6-42f7b9cab3c2,Bart73 Gutmann970,M,FAMILY PRACTICE,93 POND ST,SHARON,MA,02067-2015,42.108463,-71.185182,0
faa0b16d-e23f-31bb-9f6f-ff7e0a896f23,5e241bed-136b-3a90-a3d6-42f7b9cab3c2,Erwin847 Casper496,M,FAMILY PRACTICE,93 POND ST,SHARON,MA,02067-2015,42.108463,-71.185182,0
3dda870e-7177-3ccf-9086-08ad43a795c7,5e241bed-136b-3a90-a3d6-42f7b9cab3c2,Edwardo860 Orn563,M,FAMILY PRACTICE,93 POND ST,SHARON,MA,02067-2015,42.108463,-71.185182,0
6b2a7fa5-7aa4-331b-8717-a05d7d1556cb,5e241bed-136b-3a90-a3d6-42f7b9cab3c2,Bebe406 Kuhic920,F,FAMILY PRACTICE,93 POND ST,SHARON,MA,02067-2015,42.108463,-71.185182,0
b9463e8a-7a6a-3f4b-ade5-f071788831de,5e241bed-136b-3a90-a3d6-42f7b9cab3c2,Brendon298 Schinner682,M,FAMILY PRACTICE,93 POND ST,SHARON,MA,02067-2015,42.108463,-71.185182,0
ed2588e3-980b-3ed1-954a-ecb4ec89acae,5e241bed-136b-3a90-a3d6-42f7b9cab3c2,Lyle846 Morar593,M,FAMILY PRACTICE,93 POND ST,SHARON,MA,02067-2015,42.108463,-71.185182,0
e3216fd7-245f-3158-b281-3ddc7a93807c,5e241bed-136b-3a90-a3d6-42f7b9cab3c2,Myrta75 Powlowski563,F,FAMILY PRACTICE,93 POND ST,SHARON,MA,02067-2015,42.108463,-71.185182,0
43296309-78a7-36ab-9398-d6d32a03fb30,5e241bed-136b-3a90-a3d6-42f7b9cab3c2,Fritz267 Lehner980,M,GENERAL PRACTICE,93 POND ST,SHARON,MA,02067-2015,42.108463,-71.185182,29
d3c0dc11-ac17-3d60-ab14-6e3ce8c4f185,5e241bed-136b-3a90-a3d6-42f7b9cab3c2,Cecily421 Lehner980,F,INTERNAL MEDICINE,93 POND ST,SHARON,MA,02067-2015,42.108463,-71.185182,0
c91a1334-caf5-3386-816e-92dcdfbe22d7,5e241bed-136b-3a90-a3d6-42f7b9cab3c2,Steven797 Hegmann834,M,INTERNAL MEDICINE,93 POND ST,SHARON,MA,02067-2015,42.108463,-71.185182,0
dfa299f7-93b1-3432-9d66-0b614424de83,5e241bed-136b-3a90-a3d6-42f7b9cab3c2,Sandy901 Pacocha935,M,INTERNAL MEDICINE,93 POND ST,SHARON,MA,02067-2015,42.108463,-71.185182,0
fea3b7ec-659e-34c1-a9ce-fe77020a8386,5e241bed-136b-3a90-a3d6-42f7b9cab3c2,Brett333 Rath779,M,INTERNAL MEDICINE,93 POND ST,SHARON,MA,02067-2015,42.108463,-71.185182,0
e6989d90-04ba-34e2-b4b4-87b0c6ea865c,5e241bed-136b-3a90-a3d6-42f7b9cab3c2,Bart73 Gutmann970,M,INTERNAL MEDICINE,93 POND ST,SHARON,MA,02067-2015,42.108463,-71.185182,0
72cb6fc0-2da1-35de-86d1-42eff0aff0a8,5e241bed-136b-3a90-a3d6-42f7b9cab3c2,Erwin847 Casper496,M,INTERNAL MEDICINE,93 POND ST,SHARON,MA,02067-2015,42.108463,-71.185182,0
35a9e164-682d-3a85-a85c-7ee557be510c,5e241bed-136b-3a90-a3d6-42f7b9cab3c2,Carmina141 Orn563,F,INTERNAL MEDICINE,93 POND ST,SHARON,MA,02067-2015,42.108463,-71.185182,0
8e937959-f13f-35c0-b639-6217a62ced17,5e241bed-136b-3a90-a3d6-42f7b9cab3c2,Kelly223 Kuhic920,M,INTERNAL MEDICINE,93 POND ST,SHARON,MA,02067-2015,42.108463,-71.185182,0
3c8ad381-cfbb-3586-a807-976994800b1b,5e241bed-136b-3a90-a3d6-42f7b9cab3c2,Brendon298 Schinner682,M,INTERNAL MEDICINE,93 POND ST,SHARON,MA,02067-2015,42.108463,-71.185182,0
bcc82007-7ead-355b-bb09-cb26955c0d31,5e241bed-136b-3a90-a3d6-42f7b9cab3c2,Lyle846 Morar593,M,INTERNAL MEDICINE,93 POND ST,SHARON,MA,02067-2015,42.108463,-71.185182,0
997acf06-f29e-360b-96f9-539f6059e1ed,5e241bed-136b-3a90-a3d6-42f7b9cab3c2,Margarita164 Cordero852,F,INTERNAL MEDICINE,93 POND ST,SHARON,MA,02067-2015,42.108463,-71.185182,0
ba58b04d-2677-3b3d-accb-06fd9571b7df,5e241bed-136b-3a90-a3d6-42f7b9cab3c2,Marylyn194 Langworth352,F,INTERNAL MEDICINE,93 POND ST,SHARON,MA,02067-2015,42.108463,-71.185182,0
4591522b-39f7-346e-a602-fb20bd21df58,5e241bed-136b-3a90-a3d6-42f7b9cab3c2,Mateo562 Ruelas156,M,INTERNAL MEDICINE,93 POND ST,SHARON,MA,02067-2015,42.108463,-71.185182,0
60eeecb3-dced-30f7-baeb-7d8902147875,5e241bed-136b-3a90-a3d6-42f7b9cab3c2,Ebonie344 Nitzsche158,F,INTERNAL MEDICINE,93 POND ST,SHARON,MA,02067-2015,42.108463,-71.185182,0
6d481839-1718-32b7-89b9-0ef400c11c34,5e241bed-136b-3a90-a3d6-42f7b9cab3c2,Jae222 Dibbert990,F,INTERNAL MEDICINE,93 POND ST,SHARON,MA,02067-2015,42.108463,-71.185182,0
d96afe24-7c05-3d7b-973d-24dca3ee5a76,5e241bed-136b-3a90-a3d6-42f7b9cab3c2,Gretta175 Abshire638,F,INTERNAL MEDICINE,93 POND ST,SHARON,MA,02067-2015,42.108463,-71.185182,0
b0a6f7d0-b4ef-3f71-87ed-da0c563b9148,02c59aef-a75f-33f2-a161-25b01d9a5bc4,Armand155 Muller251,M,CHIROPRACTIC,35 TURKEY HILL RD,BELCHERTOWN,MA,01007-9032,42.27901,-72.400468,0
0618b8f1-5bf3-3dcb-a290-b37d4ca61b0b,02c59aef-a75f-33f2-a161-25b01d9a5bc4,Cheryl605 Kiehn525,F,CHIROPRACTIC,35 TURKEY HILL RD,BELCHERTOWN,MA,01007-9032,42.27901,-72.400468,0
520350e6-a940-3db8-b018-d6d062916b5d,02c59aef-a75f-33f2-a161-25b01d9a5bc4,Daphine453 Muller251,F,CLINICAL PSYCHOLOGIST,35 TURKEY HILL RD,BELCHERTOWN,MA,01007-9032,42.27901,-72.400468,0
2b60fa00-f8a1-332c-b1c2-8c96c5ec61f5,02c59aef-a75f-33f2-a161-25b01d9a5bc4,Cheryl605 Kiehn525,F,CLINICAL PSYCHOLOGIST,35 TURKEY HILL RD,BELCHERTOWN,MA,01007-9032,42.27901,-72.400468,0
0ddb69bb-7d0b-305d-a16c-81a804d3b075,02c59aef-a75f-33f2-a161-25b01d9a5bc4,Marisol435 Sánchez310,F,CLINICAL PSYCHOLOGIST,35 TURKEY HILL RD,BELCHERTOWN,MA,01007-9032,42.27901,-72.400468,0
b9f5aa14-3225-3a6f-a08b-e59593cd5e10,02c59aef-a75f-33f2-a161-25b01d9a5bc4,Drucilla444 Schoen8,F,CLINICAL PSYCHOLOGIST,35 TURKEY HILL RD,BELCHERTOWN,MA,01007-9032,42.27901,-72.400468,0
6336e6a9-39ed-36fc-ba5d-d64454c398e9,02c59aef-a75f-33f2-a161-25b01d9a5bc4,Armand155 Muller251,M,PHYSICAL THERAPY,35 TURKEY HILL RD,BELCHERTOWN,MA,01007-9032,42.27901,-72.400468,0
0081476c-b44e-39d4-93b1-7acf696daf57,02c59aef-a75f-33f2-a161-25b01d9a5bc4,Emerson869 Kiehn525,M,PHYSICAL THERAPY,35 TURKEY HILL RD,BELCHERTOWN,MA,01007-9032,42.27901,-72.400468,0
89a1844f-07f9-36ab-a322-50cfeb6d2f45,02c59aef-a75f-33f2-a161-25b01d9a5bc4,Armand155 Muller251,M,GENERAL PRACTICE,35 TURKEY HILL RD,BELCHERTOWN,MA,01007-9032,42.27901,-72.400468,67
6614c119-8e55-38e3-90fc-9352e20bb782,ff76282f-7968-39c7-82f9-2d86c93990a6,Malissa448 Mayer370,F,CLINICAL PSYCHOLOGIST,10 RICHARDS AVE,PAXTON,MA,01612-1120,42.311693,-71.940282,0
637ada42-1693-3739-8ff7-a8cc47e0968a,ff76282f-7968-39c7-82f9-2d86c93990a6,Malissa448 Mayer370,F,GENERAL PRACTICE,10 RICHARDS AVE,PAXTON,MA,01612-1120,42.311693,-71.940282,37
4a1f4e4f-1dc3-3535-a1bf-c339e9e744c5,68797de0-3337-3617-8b07-1a919f25bb73,Harrison106 Oberbrunner298,M,GENERAL PRACTICE,240 CONCORD AVE,CAMBRIDGE,MA,02138-1337,42.376043,-71.11868,30
c469531c-63c8-3caf-a1fc-a46ed61127c2,2f09e5c4-f013-3b8e-aa9d-6564542502a0,Zulma701 Strosin214,F,CLINICAL SOCIAL WORKER,300 NEWBURYPORT TRUNPIKE,ROWLEY,MA,01969,42.721495000000004,-70.886637,0
8e3933ed-05ac-359d-a063-263fbfda304b,2f09e5c4-f013-3b8e-aa9d-6564542502a0,Vashti163 Pfannerstill264,F,CLINICAL SOCIAL WORKER,300 NEWBURYPORT TRUNPIKE,ROWLEY,MA,01969,42.721495000000004,-70.886637,0
45cb6ac9-3772-3101-bb01-845183052e93,2f09e5c4-f013-3b8e-aa9d-6564542502a0,Benjamín452 Mascareñas995,M,GENERAL PRACTICE,300 NEWBURYPORT TRUNPIKE,ROWLEY,MA,01969,42.721495000000004,-70.886637,34
1784e336-ffbf-3aec-875f-b97af67aff99,bbb7dba7-0965-3932-b798-94335c6d2806,Marjorie611 Corwin846,F,CLINICAL PSYCHOLOGIST,29 RIVER RD,PEPPERELL,MA,01463-1621,42.670643,-71.602858,0
4c3726d8-bada-32fb-853a-63d8afa5d9f4,bbb7dba7-0965-3932-b798-94335c6d2806,Marjorie611 Corwin846,F,GENERAL PRACTICE,29 RIVER RD,PEPPERELL,MA,01463-1621,42.670643,-71.602858,44
cc931f3d-0377-3839-9367-2803da41300d,76834a5c-65a1-3124-8fcf-bbd2876eddc8,Nadene309 Greenfelder433,F,GENERAL PRACTICE,124 HARVARD ST,BROOKLINE,MA,02446-6478,42.323853,-71.142003,31
a612b1e6-4496-3eb3-99e8-8c3ecfdd5e15,502dd65a-e826-3bca-89bb-448b81ddbc15,Mckinley734 Eichmann909,M,GENERAL PRACTICE,39 PLYMOUTH ST,HOLBROOK,MA,02343-1510,42.140346,-70.997861,32
8367c4ec-b206-3694-90e6-16a6d3bea67c,502dd65a-e826-3bca-89bb-448b81ddbc15,Mckinley734 Eichmann909,M,INTERNAL MEDICINE,39 PLYMOUTH ST,HOLBROOK,MA,02343-1510,42.140346,-70.997861,0
4e50a02f-e25e-359d-94e7-f0c669685291,502dd65a-e826-3bca-89bb-448b81ddbc15,Trent525 Bartoletti50,M,INTERNAL MEDICINE,39 PLYMOUTH ST,HOLBROOK,MA,02343-1510,42.140346,-70.997861,0
ce2cc4fe-1d90-3602-8374-c85e8102fe6d,5a16b048-09b6-3d69-ae61-4715bec676c9,Perry780 Daniel959,M,GENERAL PRACTICE,340 WOOD RD,BRAINTREE,MA,02184-2401,42.205416,-71.00216800000003,22
42c8b48c-80b4-3a89-a7bc-0c1a4075c78b,cb75be4d-7394-3ebd-9930-4d4d3b27d82e,Guillermo498 Hilll811,M,GENERAL PRACTICE,22 WOBURN ST,READING,MA,01867-3074,42.535183,-71.105423,11
bb6ea2de-958f-3eac-931e-c8f7590e5185,7a3fa04c-a39d-32f9-8578-d4db76e877aa,Chance908 Abshire638,M,CHIROPRACTIC,9 G OSMAN BABSON RD,GLOUCESTER,MA,01930-1880,42.62885,-70.685875,0
92933c9c-5c5a-3de4-841d-067b73c1dc46,7a3fa04c-a39d-32f9-8578-d4db76e877aa,Chance908 Abshire638,M,GENERAL PRACTICE,9 G OSMAN BABSON RD,GLOUCESTER,MA,01930-1880,42.62885,-70.685875,21
1ee4215b-8b13-30a5-8a3f-396542d6d1be,d94c9186-7bed-3d24-88a2-d5bc92d92737,Vi771 Oberbrunner298,F,PSYCHIATRY,12 ARROW ST,CAMBRIDGE,MA,02138-5105,42.376043,-71.11868,0
2e32659e-8e88-311f-a43a-6ef818539735,d94c9186-7bed-3d24-88a2-d5bc92d92737,Theda286 Koepp521,F,PSYCHIATRY,12 ARROW ST,CAMBRIDGE,MA,02138-5105,42.376043,-71.11868,0
0528827a-8cdc-360d-8e63-2cef9979a14b,d94c9186-7bed-3d24-88a2-d5bc92d92737,Vi771 Oberbrunner298,F,CLINICAL PSYCHOLOGIST,12 ARROW ST,CAMBRIDGE,MA,02138-5105,42.376043,-71.11868,0
278afab1-fc26-3472-8ef6-6ac01bcc0e22,d94c9186-7bed-3d24-88a2-d5bc92d92737,Agustín529 Urías338,M,CLINICAL PSYCHOLOGIST,12 ARROW ST,CAMBRIDGE,MA,02138-5105,42.376043,-71.11868,0
3509ae13-7b8f-3c0e-8e3e-d95a88231688,d94c9186-7bed-3d24-88a2-d5bc92d92737,Aracely711 Schamberger479,F,CLINICAL PSYCHOLOGIST,12 ARROW ST,CAMBRIDGE,MA,02138-5105,42.376043,-71.11868,0
fe1c6756-0ced-39f1-a33b-e7cb386b0f64,d94c9186-7bed-3d24-88a2-d5bc92d92737,Ailene520 Mohr916,F,CLINICAL PSYCHOLOGIST,12 ARROW ST,CAMBRIDGE,MA,02138-5105,42.376043,-71.11868,0
5d40aaff-e770-30c9-81eb-243f05c6a9f9,d94c9186-7bed-3d24-88a2-d5bc92d92737,Jewel43 VonRueden376,M,CLINICAL PSYCHOLOGIST,12 ARROW ST,CAMBRIDGE,MA,02138-5105,42.376043,-71.11868,0
f87431e1-d0ef-33ea-9709-99966301e4a4,d94c9186-7bed-3d24-88a2-d5bc92d92737,Maire384 Will178,F,CLINICAL PSYCHOLOGIST,12 ARROW ST,CAMBRIDGE,MA,02138-5105,42.376043,-71.11868,0
0c0dc1a6-339f-35cc-be06-21e5eb92cf2c,d94c9186-7bed-3d24-88a2-d5bc92d92737,Dante562 Oberbrunner298,M,GENERAL PRACTICE,12 ARROW ST,CAMBRIDGE,MA,02138-5105,42.376043,-71.11868,31
16b8334a-736c-34e7-ad8a-44c14d1829d8,7a88db40-6c11-3652-b00d-51f466934ef7,Cody889 Batz141,M,GENERAL PRACTICE,90 CONCORD AVE,BELMONT,MA,02478-4047,42.395317,-71.180284,31
d0c5b837-061a-314c-95b5-7ca93c550ad4,945768aa-2200-3476-b042-993a9df74c65,Clinton763 Pfeffer420,M,PHYSICAL THERAPY,19 N MAIN ST,SHERBORN,MA,01770-1546,42.231947,-71.372963,0
6051bfa7-a724-3c50-9549-7a8984893eb5,945768aa-2200-3476-b042-993a9df74c65,Morris740 Lakin515,M,PHYSICAL THERAPY,19 N MAIN ST,SHERBORN,MA,01770-1546,42.231947,-71.372963,0
b72e413e-5989-36cd-abeb-c7254fa0610f,945768aa-2200-3476-b042-993a9df74c65,Clelia416 Bechtelar572,F,PHYSICAL THERAPY,19 N MAIN ST,SHERBORN,MA,01770-1546,42.231947,-71.372963,0
b75c8a42-a743-3915-b1bf-4e3ee0ae3e2e,945768aa-2200-3476-b042-993a9df74c65,Caroll955 Strosin214,F,PHYSICAL THERAPY,19 N MAIN ST,SHERBORN,MA,01770-1546,42.231947,-71.372963,0
031fb738-abc8-31f8-beae-64debfbdc905,945768aa-2200-3476-b042-993a9df74c65,Bella510 Pfeffer420,F,GENERAL PRACTICE,19 N MAIN ST,SHERBORN,MA,01770-1546,42.231947,-71.372963,35
1358caa0-5a12-3e66-ba5d-416b7820cadd,affa7e59-3e50-3559-bbbb-e8a2e89e4b7b,Raymond398 Dach178,M,GENERAL PRACTICE,80 WASHINGTON ST,NORWELL,MA,02061-1729,42.164569,-70.818844,25
9a6ab598-1154-3792-b01b-dd523000a359,27fe2736-8b86-385a-8120-e5b179493df7,Colleen54 Willms744,F,NURSE PRACTITIONER,319 ALLSTON ST B,BRIGHTON,MA,02135-7664,42.33196,-71.020173,0
ef5ea362-89ad-3a27-a3d1-0dc1bbed3928,27fe2736-8b86-385a-8120-e5b179493df7,Sam879 Willms744,M,GENERAL PRACTICE,319 ALLSTON ST B,BRIGHTON,MA,02135-7664,42.33196,-71.020173,33
15f83954-9686-3419-8d37-d862cc19d65f,27fe2736-8b86-385a-8120-e5b179493df7,Sam879 Willms744,M,INTERNAL MEDICINE,319 ALLSTON ST B,BRIGHTON,MA,02135-7664,42.33196,-71.020173,0
90fbe5e6-0a45-3e54-a73d-235dd52a9895,27fe2736-8b86-385a-8120-e5b179493df7,Fritz267 Satterfield305,M,INTERNAL MEDICINE,319 ALLSTON ST B,BRIGHTON,MA,02135-7664,42.33196,-71.020173,0
c5267a05-be21-30f1-9577-3d0845cdd11f,dfeef2b6-c1ee-305c-8d8c-bfda54e0fdc4,Joane83 Bayer639,F,CLINICAL PSYCHOLOGIST,66 FISHER ST,NORWOOD,MA,02062-1921,42.187364,-71.195971,0
39114472-afe8-3c35-8876-22c4368b8cfa,dfeef2b6-c1ee-305c-8d8c-bfda54e0fdc4,Joane83 Bayer639,F,GENERAL PRACTICE,66 FISHER ST,NORWOOD,MA,02062-1921,42.187364,-71.195971,35
3b70aade-1199-3cb1-90f3-87aeac74ee4d,04f553c5-5858-30a6-b318-f1e07a89c8bf,Randall756 Swift555,M,GENERAL PRACTICE,99 WALNUT ST,SAUGUS,MA,01906-1981,42.468432,-71.01394599999999,35
d7e69e7f-78c7-3a53-91a6-b40575844bec,6581392f-f0ae-34ae-a479-f66c20ece551,Rebekah348 Bradtke547,F,GENERAL PRACTICE,165 MIDDLESEX TPKE,BEDFORD,MA,01730-1424,42.499295000000004,-71.281889,75
24aca2b0-6532-3296-a797-78b77ee87394,6581392f-f0ae-34ae-a479-f66c20ece551,Rebekah348 Bradtke547,F,CLINICAL NURSE SPECIALIST,165 MIDDLESEX TPKE,BEDFORD,MA,01730-1424,42.499295000000004,-71.281889,0
373f1081-e612-36bf-9f61-1bc94a4a7af4,36d9f9e8-5717-3628-bc57-32e2961b0da3,Clark193 Kovacek682,M,ORAL SURGERY,1351 MAIN ST,BROCKTON,MA,02301-7153,42.082543,-71.024638,0
d10fd18a-3868-3cc0-893b-43fe2f842aac,36d9f9e8-5717-3628-bc57-32e2961b0da3,Tobi258 Kovacek682,F,PODIATRY,1351 MAIN ST,BROCKTON,MA,02301-7153,42.082543,-71.024638,0
0accd3ba-d0d7-328c-ac62-abc31cc23922,36d9f9e8-5717-3628-bc57-32e2961b0da3,Tobi258 Kovacek682,F,MAXILLOFACIAL SURGERY,1351 MAIN ST,BROCKTON,MA,02301-7153,42.082543,-71.024638,0
13884644-dffd-397f-8e4c-4ef11f4ab5cd,36d9f9e8-5717-3628-bc57-32e2961b0da3,Clark193 Kovacek682,M,GENERAL PRACTICE,1351 MAIN ST,BROCKTON,MA,02301-7153,42.082543,-71.024638,31
c461c0bb-b4ee-313b-a541-b3b238f2b532,4786ed54-9ddb-3063-b578-370787aef828,Ara96 Weissnat378,F,OCCUPATIONAL THERAPY,52 NOON HILL AVE,NORFOLK,MA,02056-1161,42.116244,-71.329274,0
c59bd25c-3f0e-3524-95be-5405d02e7ce3,4786ed54-9ddb-3063-b578-370787aef828,Ara96 Weissnat378,F,GENERAL PRACTICE,52 NOON HILL AVE,NORFOLK,MA,02056-1161,42.116244,-71.329274,55
04137002-e47c-3719-b4f6-b2c753e1ec27,c0094038-6272-32dc-bf16-e4e8e417098a,Sadie426 Koepp521,F,GENERAL PRACTICE,101 CAMBRIDGE ST,BURLINGTON,MA,01803-3766,42.503227,-71.201713,33
bdcafc41-5cf1-3658-baa6-100c5eef02b1,61319efd-e5f0-3906-b925-328678f48c5b,Wyatt967 Wiza601,M,CLINICAL SOCIAL WORKER,112 CENTRAL AVE,LYNN,MA,01901-1050,42.474862,-70.96218499999999,0
eecc38de-42ae-3cd1-9165-56fb2b9bd222,61319efd-e5f0-3906-b925-328678f48c5b,Wyatt967 Wiza601,M,GENERAL PRACTICE,112 CENTRAL AVE,LYNN,MA,01901-1050,42.474862,-70.96218499999999,63
6cb50bfe-ae29-32f7-bcc1-cd73e48ecca8,ea3dd7f7-a012-3788-b1d4-cac4037a102a,Bret7 Wehner319,M,ALLERGY/IMMUNOLOGY,79 ERDMAN WAY,LEOMINSTER,MA,01453-1805,42.520876,-71.770611,0
ba806472-09d7-3d57-87c9-88877a11dedb,ea3dd7f7-a012-3788-b1d4-cac4037a102a,Fredrick998 Roob72,M,ALLERGY/IMMUNOLOGY,79 ERDMAN WAY,LEOMINSTER,MA,01453-1805,42.520876,-71.770611,0
641e8ee2-fe90-346f-8f51-a66613d9d769,ea3dd7f7-a012-3788-b1d4-cac4037a102a,Awilda854 Gusikowski974,F,ALLERGY/IMMUNOLOGY,79 ERDMAN WAY,LEOMINSTER,MA,01453-1805,42.520876,-71.770611,0
e555a0d1-0065-3d62-beb7-2d06bd81e17d,ea3dd7f7-a012-3788-b1d4-cac4037a102a,Althea11 Carter549,F,ALLERGY/IMMUNOLOGY,79 ERDMAN WAY,LEOMINSTER,MA,01453-1805,42.520876,-71.770611,0
fac5634f-a269-3fd4-bf19-479fc8a8da3a,ea3dd7f7-a012-3788-b1d4-cac4037a102a,Lyndsey828 Walter473,F,ALLERGY/IMMUNOLOGY,79 ERDMAN WAY,LEOMINSTER,MA,01453-1805,42.520876,-71.770611,0
554db583-087b-3584-8096-fbb1f9c99a18,ea3dd7f7-a012-3788-b1d4-cac4037a102a,Leonor133 Rodriguez71,F,ALLERGY/IMMUNOLOGY,79 ERDMAN WAY,LEOMINSTER,MA,01453-1805,42.520876,-71.770611,0
f586550b-50b3-33b1-b0bd-5cb1bfc7c60a,ea3dd7f7-a012-3788-b1d4-cac4037a102a,Jasper743 Green467,M,ALLERGY/IMMUNOLOGY,79 ERDMAN WAY,LEOMINSTER,MA,01453-1805,42.520876,-71.770611,0
56151654-a07c-36d1-bc83-00027e333970,ea3dd7f7-a012-3788-b1d4-cac4037a102a,Otis335 Brekke496,M,ALLERGY/IMMUNOLOGY,79 ERDMAN WAY,LEOMINSTER,MA,01453-1805,42.520876,-71.770611,0
1aa47423-ffa1-3b79-b537-38d79973a3ff,ea3dd7f7-a012-3788-b1d4-cac4037a102a,Xuan162 Wehner319,F,GENERAL PRACTICE,79 ERDMAN WAY,LEOMINSTER,MA,01453-1805,42.520876,-71.770611,13
cffdbee9-c522-36c2-81a5-17cca21023ba,e31728d2-e211-354d-9bb6-798887761da5,Royal919 Borer986,M,GENERAL PRACTICE,9 MILL AND MAIN PL,MAYNARD,MA,01754-2651,42.425955,-71.45625600000001,34
7abcf3ed-3c8b-36b5-ad5f-d82e0abe4524,e31728d2-e211-354d-9bb6-798887761da5,Royal919 Borer986,M,INTERNAL MEDICINE,9 MILL AND MAIN PL,MAYNARD,MA,01754-2651,42.425955,-71.45625600000001,0
208b519f-8ece-3f76-8098-03d2bc66f378,e31728d2-e211-354d-9bb6-798887761da5,Blake449 Upton904,M,INTERNAL MEDICINE,9 MILL AND MAIN PL,MAYNARD,MA,01754-2651,42.425955,-71.45625600000001,0
e4f190c9-83af-32a0-9453-2b65f1821612,73087250-f785-399c-916a-4815188f9753,Clay913 Macejkovic424,M,PHYSICAL THERAPY,173 ESSEX ST,SWAMPSCOTT,MA,01907-1150,42.468059000000004,-70.89126,0
9067273e-f40c-3876-8bfe-373a030abcbc,73087250-f785-399c-916a-4815188f9753,Clay913 Macejkovic424,M,GENERAL PRACTICE,173 ESSEX ST,SWAMPSCOTT,MA,01907-1150,42.468059000000004,-70.89126,37
399e1f3e-fee8-35d8-ad96-73daa23174dd,3785a91b-ef8c-3628-b673-5f9808b05616,Phillip440 Bogan287,M,GENERAL PRACTICE,33 BARTLETT ST,LOWELL,MA,01852-1318,42.63898,-71.321141,35
186db508-a8d1-318e-be81-63113e5122f7,6ad683e2-8401-3bfe-9d9b-4fa263d2d92f,Eugene421 Stanton715,F,GENERAL PRACTICE,4 CYPRESS ST,BROOKLINE,MA,02445-6871,42.323853,-71.142003,54
8e3f7fde-d14b-388e-8799-751244794036,c70cfaad-1251-3193-9495-060db784e090,Claud279 Fritsch593,M,PHYSICAL THERAPY,1284 MAIN ST,OSTERVILLE,MA,02655-1542,41.662727,-70.357208,0
93e3f823-297e-3013-99c2-577e0d3d8dbb,c70cfaad-1251-3193-9495-060db784e090,Ivelisse712 Bernier607,F,PHYSICAL THERAPY,1284 MAIN ST,OSTERVILLE,MA,02655-1542,41.662727,-70.357208,0
beb982de-3c02-3474-82ad-e71079f7c81b,c70cfaad-1251-3193-9495-060db784e090,Maria750 Morissette863,M,PHYSICAL THERAPY,1284 MAIN ST,OSTERVILLE,MA,02655-1542,41.662727,-70.357208,0
08a10090-9587-3957-ac73-6c59b01926c0,c70cfaad-1251-3193-9495-060db784e090,Thanh759 Kerluke267,M,PHYSICAL THERAPY,1284 MAIN ST,OSTERVILLE,MA,02655-1542,41.662727,-70.357208,0
765959ba-eb89-3929-8047-4a5f1dd970b1,c70cfaad-1251-3193-9495-060db784e090,Annie941 Flatley871,F,PHYSICAL THERAPY,1284 MAIN ST,OSTERVILLE,MA,02655-1542,41.662727,-70.357208,0
33e7307e-9613-3745-b712-067ab170ce72,c70cfaad-1251-3193-9495-060db784e090,Emmett200 Goyette777,M,PHYSICAL THERAPY,1284 MAIN ST,OSTERVILLE,MA,02655-1542,41.662727,-70.357208,0
5337897a-f4dc-3b63-b436-76a2cdc12f2e,c70cfaad-1251-3193-9495-060db784e090,Celena734 Moen819,F,PHYSICAL THERAPY,1284 MAIN ST,OSTERVILLE,MA,02655-1542,41.662727,-70.357208,0
90a81968-a885-3c6a-be9d-2e746add5459,c70cfaad-1251-3193-9495-060db784e090,Rickie717 Kassulke119,M,PHYSICAL THERAPY,1284 MAIN ST,OSTERVILLE,MA,02655-1542,41.662727,-70.357208,0
bcce3deb-0b3b-3b6e-9e5b-de4a1a2f45f1,c70cfaad-1251-3193-9495-060db784e090,Claud279 Fritsch593,M,GENERAL PRACTICE,1284 MAIN ST,OSTERVILLE,MA,02655-1542,41.662727,-70.357208,42
f12dec26-f4a8-3254-bd7e-789c6744f05d,9e22996b-ab3f-3d99-9f9d-6659ae260966,Geoffrey157 Watsica258,M,PHYSICAL THERAPY,311 ARSENAL ST,WATERTOWN,MA,02472-2783,42.369451,-71.177925,0
b8a2812a-0977-371c-a7d2-04a6590b0ca0,9e22996b-ab3f-3d99-9f9d-6659ae260966,Geoffrey157 Watsica258,M,GENERAL PRACTICE,311 ARSENAL ST,WATERTOWN,MA,02472-2783,42.369451,-71.177925,68
a37c05a6-9369-382d-af47-be5d9d5e7ba2,7b1ba895-0a48-303f-981d-f41766fcaacc,Nelson403 Koch169,M,CHIROPRACTIC,78 MCKAY ST,BEVERLY,MA,01915-3031,42.556659,-70.84496,0
b72d2d1b-6d4b-3fc3-bf73-0ea905df682f,7b1ba895-0a48-303f-981d-f41766fcaacc,Wilbert25 Gorczany269,M,CHIROPRACTIC,78 MCKAY ST,BEVERLY,MA,01915-3031,42.556659,-70.84496,0
1aa98b73-134a-33bc-b93f-69e27b0a2892,7b1ba895-0a48-303f-981d-f41766fcaacc,Nelson403 Koch169,M,GENERAL PRACTICE,78 MCKAY ST,BEVERLY,MA,01915-3031,42.556659,-70.84496,44
def19724-4cca-3e6c-916e-0bb0f22fad13,9de56a33-a10b-32e6-986c-b9576eb3e933,Ardella559 Jerde200,F,DIAGNOSTIC RADIOLOGY,273 TEATICKET HWY,TEATICKET,MA,02536-5638,41.562579,-70.587349,0
d9dd3445-c36d-38dc-aac0-8d72e23c01d7,9de56a33-a10b-32e6-986c-b9576eb3e933,Akilah516 Feeney44,F,DIAGNOSTIC RADIOLOGY,273 TEATICKET HWY,TEATICKET,MA,02536-5638,41.562579,-70.587349,0
3ad65602-4d42-3fc3-a361-1bfaf808ce55,9de56a33-a10b-32e6-986c-b9576eb3e933,Edward499 Littel644,M,DIAGNOSTIC RADIOLOGY,273 TEATICKET HWY,TEATICKET,MA,02536-5638,41.562579,-70.587349,0
2795880b-9c1e-32c9-8602-6268ade0fc28,9de56a33-a10b-32e6-986c-b9576eb3e933,Kelley882 McClure239,M,DIAGNOSTIC RADIOLOGY,273 TEATICKET HWY,TEATICKET,MA,02536-5638,41.562579,-70.587349,0
6fe845c3-dbd7-3a1c-885a-16d9ec115eaa,9de56a33-a10b-32e6-986c-b9576eb3e933,James276 Jerde200,M,NURSE PRACTITIONER,273 TEATICKET HWY,TEATICKET,MA,02536-5638,41.562579,-70.587349,0
c343d406-fde8-3cae-ae6d-0cae3c9dbe80,9de56a33-a10b-32e6-986c-b9576eb3e933,James276 Jerde200,M,EMERGENCY MEDICINE,273 TEATICKET HWY,TEATICKET,MA,02536-5638,41.562579,-70.587349,0
316847c3-6522-3a3f-8102-eaeb8caaa1c8,9de56a33-a10b-32e6-986c-b9576eb3e933,Akilah516 Feeney44,F,EMERGENCY MEDICINE,273 TEATICKET HWY,TEATICKET,MA,02536-5638,41.562579,-70.587349,0
b13a6ba1-4127-3d42-90fb-186269417fa4,9de56a33-a10b-32e6-986c-b9576eb3e933,Edward499 Littel644,M,EMERGENCY MEDICINE,273 TEATICKET HWY,TEATICKET,MA,02536-5638,41.562579,-70.587349,0
aea54516-1993-372c-adb4-ec4ff5e1ae71,9de56a33-a10b-32e6-986c-b9576eb3e933,Kelley882 McClure239,M,EMERGENCY MEDICINE,273 TEATICKET HWY,TEATICKET,MA,02536-5638,41.562579,-70.587349,0
f6dea5ee-2ddc-3425-a970-f6b55f9d2df2,9de56a33-a10b-32e6-986c-b9576eb3e933,Soo315 Ullrich385,F,EMERGENCY MEDICINE,273 TEATICKET HWY,TEATICKET,MA,02536-5638,41.562579,-70.587349,0
4a98e071-8d6b-3437-a340-48006751f9fe,9de56a33-a10b-32e6-986c-b9576eb3e933,Raleigh478 Reilly981,M,EMERGENCY MEDICINE,273 TEATICKET HWY,TEATICKET,MA,02536-5638,41.562579,-70.587349,0
a52d1b8b-8621-3fd7-bc1b-ccb522e8b74d,9de56a33-a10b-32e6-986c-b9576eb3e933,Columbus656 Lemke654,M,EMERGENCY MEDICINE,273 TEATICKET HWY,TEATICKET,MA,02536-5638,41.562579,-70.587349,0
7ec3dc65-87d1-3e96-bd2a-1a4ef9125671,9de56a33-a10b-32e6-986c-b9576eb3e933,Denyse846 Marks830,F,EMERGENCY MEDICINE,273 TEATICKET HWY,TEATICKET,MA,02536-5638,41.562579,-70.587349,0
a4e19f54-3672-3bbd-a2e8-92bccdfe1bae,9de56a33-a10b-32e6-986c-b9576eb3e933,Kendal125 Treutel973,F,EMERGENCY MEDICINE,273 TEATICKET HWY,TEATICKET,MA,02536-5638,41.562579,-70.587349,0
6e9c8ad1-9012-3b88-8055-2eac83f41baa,9de56a33-a10b-32e6-986c-b9576eb3e933,James276 Jerde200,M,PHYSICIAN ASSISTANT,273 TEATICKET HWY,TEATICKET,MA,02536-5638,41.562579,-70.587349,0
73d983d2-179c-31ea-865b-7df413f9cd7f,9de56a33-a10b-32e6-986c-b9576eb3e933,Akilah516 Feeney44,F,PHYSICIAN ASSISTANT,273 TEATICKET HWY,TEATICKET,MA,02536-5638,41.562579,-70.587349,0
98467a8a-a514-3254-b0be-85501f1a4fd8,9de56a33-a10b-32e6-986c-b9576eb3e933,May125 Littel644,F,PHYSICIAN ASSISTANT,273 TEATICKET HWY,TEATICKET,MA,02536-5638,41.562579,-70.587349,0
01d4d506-f816-3629-bdcb-0ba466a3ec31,9de56a33-a10b-32e6-986c-b9576eb3e933,Malena136 McClure239,F,PHYSICIAN ASSISTANT,273 TEATICKET HWY,TEATICKET,MA,02536-5638,41.562579,-70.587349,0
626313a9-d956-3339-9927-c4948c0b39e0,9de56a33-a10b-32e6-986c-b9576eb3e933,Jewel43 Ullrich385,M,PHYSICIAN ASSISTANT,273 TEATICKET HWY,TEATICKET,MA,02536-5638,41.562579,-70.587349,0
442eb932-de7f-3471-891d-5977c54c427d,9de56a33-a10b-32e6-986c-b9576eb3e933,Serina556 Reilly981,F,PHYSICIAN ASSISTANT,273 TEATICKET HWY,TEATICKET,MA,02536-5638,41.562579,-70.587349,0
76de6ffa-b573-3fb4-a41a-9dcc5ee00e60,9de56a33-a10b-32e6-986c-b9576eb3e933,Columbus656 Lemke654,M,PHYSICIAN ASSISTANT,273 TEATICKET HWY,TEATICKET,MA,02536-5638,41.562579,-70.587349,0
05b50794-565d-3008-b072-d3213dce5245,9de56a33-a10b-32e6-986c-b9576eb3e933,Hubert238 Marks830,M,PHYSICIAN ASSISTANT,273 TEATICKET HWY,TEATICKET,MA,02536-5638,41.562579,-70.587349,0
4756e223-537d-343e-9f9c-88758adc6a7b,9de56a33-a10b-32e6-986c-b9576eb3e933,Ardella559 Jerde200,F,GENERAL PRACTICE,273 TEATICKET HWY,TEATICKET,MA,02536-5638,41.562579,-70.587349,61
1ad9a0a4-60ef-3a25-938f-246e4213ade9,0849c09e-1e1c-3213-ad24-e58185e43205,Jenine75 Strosin214,F,ORAL SURGERY,810 MAIN ST,MELROSE,MA,02176-2711,42.455723,-71.05901899999999,0
ecf7a5d3-483e-3a71-ad58-0cc8793666e0,0849c09e-1e1c-3213-ad24-e58185e43205,Isiah14 Strosin214,M,MAXILLOFACIAL SURGERY,810 MAIN ST,MELROSE,MA,02176-2711,42.455723,-71.05901899999999,0
668540e7-e8a7-36d0-82a4-2b4dc2edbf27,0849c09e-1e1c-3213-ad24-e58185e43205,Jenine75 Strosin214,F,GENERAL PRACTICE,810 MAIN ST,MELROSE,MA,02176-2711,42.455723,-71.05901899999999,29
8521fb27-b803-3b9c-82dc-38ba6c0c36bc,2db889da-7f59-3bdb-9f98-4d40f24a2540,Melia148 Gottlieb798,F,OPTOMETRY,31 PINE ST,NORFOLK,MA,02056-1642,42.116244,-71.329274,0
c400b350-b43f-3b90-a7b9-bb8f44968f76,2db889da-7f59-3bdb-9f98-4d40f24a2540,Bert917 Boyle917,M,OPTOMETRY,31 PINE ST,NORFOLK,MA,02056-1642,42.116244,-71.329274,0
b469490d-d4d1-31b2-b31a-5c779d8516c1,2db889da-7f59-3bdb-9f98-4d40f24a2540,Kim439 Gottlieb798,M,OPHTHALMOLOGY,31 PINE ST,NORFOLK,MA,02056-1642,42.116244,-71.329274,0
74aa1490-7636-3b3f-b451-8ba00b3601dd,2db889da-7f59-3bdb-9f98-4d40f24a2540,Bert917 Boyle917,M,OPHTHALMOLOGY,31 PINE ST,NORFOLK,MA,02056-1642,42.116244,-71.329274,0
313dd694-bbb5-3efe-ab6f-804c9c4cb644,2db889da-7f59-3bdb-9f98-4d40f24a2540,Kim439 Gottlieb798,M,UROLOGY,31 PINE ST,NORFOLK,MA,02056-1642,42.116244,-71.329274,0
a47941d3-9100-33c3-8784-25a2fe4c0ba4,2db889da-7f59-3bdb-9f98-4d40f24a2540,Kirby843 Boyle917,F,UROLOGY,31 PINE ST,NORFOLK,MA,02056-1642,42.116244,-71.329274,0
f0ca8b6b-98c2-3615-9132-91aec643c80c,2db889da-7f59-3bdb-9f98-4d40f24a2540,Melia148 Gottlieb798,F,GENERAL PRACTICE,31 PINE ST,NORFOLK,MA,02056-1642,42.116244,-71.329274,26
e8867966-d5aa-31cd-9b11-e2e15b411956,2db889da-7f59-3bdb-9f98-4d40f24a2540,Alicia629 Tórrez28,F,GASTROENTEROLOGY,31 PINE ST,NORFOLK,MA,02056-1642,42.116244,-71.329274,0
75d87157-5bfe-3c4c-90a0-a94abdcbba0b,2db889da-7f59-3bdb-9f98-4d40f24a2540,Bert917 Boyle917,M,GASTROENTEROLOGY,31 PINE ST,NORFOLK,MA,02056-1642,42.116244,-71.329274,0
74766ed0-5a2d-3cd1-8480-76f06240bbe5,c60b66d8-ce80-3d94-b4a7-2d97367a801b,Shondra529 Raynor401,F,OPTOMETRY,140 MAIN ST,GROTON,MA,01450-1271,42.61176,-71.565269,0
132bc2c1-b5a4-3b98-b0b6-e6b3ddcc38c0,c60b66d8-ce80-3d94-b4a7-2d97367a801b,Shondra529 Raynor401,F,GENERAL PRACTICE,140 MAIN ST,GROTON,MA,01450-1271,42.61176,-71.565269,75
a6b4768e-2301-3b9f-aae5-56092fee76f5,934f4ea8-157d-3c1e-806b-7f8a9ec92a84,Valery629 Towne435,F,GENERAL PRACTICE,470 GRANBY RD,SOUTH HADLEY,MA,01075-3218,42.256208,-72.58103,36
53b0e2fd-b354-3a11-b1cd-be3659dc01ea,17b62fdf-905d-3018-810d-7ee667bb8f25,Pilar644 Casanova632,F,CHIROPRACTIC,333 FRONT ST,CHICOPEE,MA,01013-2798,42.175668,-72.572257,0
f545e2e8-8958-32ca-9233-d240294e72cd,17b62fdf-905d-3018-810d-7ee667bb8f25,Marylyn194 Nolan344,F,CHIROPRACTIC,333 FRONT ST,CHICOPEE,MA,01013-2798,42.175668,-72.572257,0
09446057-eea8-306e-af97-60ba75726ee9,17b62fdf-905d-3018-810d-7ee667bb8f25,Harry448 Shields502,M,GENERAL PRACTICE,333 FRONT ST,CHICOPEE,MA,01013-2798,42.175668,-72.572257,17
66405b5b-3d66-3df6-894e-2d00ae0f5544,a005fba5-3abb-32ee-a26d-afcde0315ead,Hollis7 Welch179,M,GENERAL PRACTICE,1049 MAIN ST,WEST BARNSTABLE,MA,02668-1152,41.662727,-70.357208,38
86c870e6-352b-318e-aed9-4ccb2d2efc50,03265f41-d6ef-3f4b-a918-b44ced0ff5aa,Rosamond509 Schimmel440,F,GENERAL PRACTICE,400 WASHINGTON ST,BRAINTREE,MA,02184-4769,42.205416,-71.00216800000003,75
cd6d332f-81c2-30ed-8754-e84e60e8d051,8f0c35f7-110c-3529-93bf-d2f1da436200,Wade235 Cole117,M,CLINICAL SOCIAL WORKER,159 MAIN ST A,AGAWAM,MA,01001-1804,42.064731,-72.653477,0
29d4fd31-ef25-3b3b-80cb-20b8287368d2,8f0c35f7-110c-3529-93bf-d2f1da436200,Latoria810 Cole117,F,GENERAL PRACTICE,159 MAIN ST A,AGAWAM,MA,01001-1804,42.064731,-72.653477,21
1a80ec0e-e5b6-3d2d-9587-17e774d9c9c5,100b141b-3f51-3916-97e3-c6a74f0eda16,Bernie827 Parisian75,M,CHIROPRACTIC,194 S MAIN ST,WEST BRIDGEWATER,MA,02379-1770,42.021617,-71.026717,0
42e6658c-3345-3590-8a7f-1e1abd420ad1,100b141b-3f51-3916-97e3-c6a74f0eda16,Bernie827 Parisian75,M,GENERAL PRACTICE,194 S MAIN ST,WEST BRIDGEWATER,MA,02379-1770,42.021617,-71.026717,40
e9f56c65-7ca4-346c-8581-ec2c359e2d39,463296bc-5a7c-3412-b888-eec038ac8e1b,Irmgard696 Pollich983,F,CHIROPRACTIC,1748 GRAND ARMY HWY,SOMERSET,MA,02726-1211,41.738479,-71.165065,0
a0292bdc-06e9-343b-8737-cefdcab7fbf4,463296bc-5a7c-3412-b888-eec038ac8e1b,Irmgard696 Pollich983,F,GENERAL PRACTICE,1748 GRAND ARMY HWY,SOMERSET,MA,02726-1211,41.738479,-71.165065,38
9ad69d51-d0b8-34b3-9482-65e1d61754f2,2a01f15c-e34c-3b5c-850f-7e4a965561d4,Taren286 O'Connell601,F,CHIROPRACTIC,660 E ST,MANSFIELD,MA,02048-2951,42.017302,-71.21641,0
d7529b31-10ee-3c65-a50b-30687fbd4083,2a01f15c-e34c-3b5c-850f-7e4a965561d4,Lazaro919 Konopelski743,M,CHIROPRACTIC,660 E ST,MANSFIELD,MA,02048-2951,42.017302,-71.21641,0
660ded56-1af8-30e3-b9d6-93ba77846665,2a01f15c-e34c-3b5c-850f-7e4a965561d4,Ernesto186 O'Connell601,M,GENERAL PRACTICE,660 E ST,MANSFIELD,MA,02048-2951,42.017302,-71.21641,59
d0779d64-f2a4-3231-ac9f-5922a553d370,b4fbf217-ac7b-3ecf-8c1a-d607c1d4f0db,Prince887 Schaden604,M,GENERAL PRACTICE,185 W AVE,LUDLOW,MA,01056-1700,42.183577,-72.457812,53
96028624-af96-362b-b217-27cd700270b7,4f0a1843-c819-3964-a2e9-2dab906b84bf,Yvonne357 Hoeger474,F,PHYSICAL THERAPY,1440 GAR HWY,SOMERSET,MA,02726-1218,41.738479,-71.165065,0
a9854d2c-8196-3bc4-ab86-4564524959f6,4f0a1843-c819-3964-a2e9-2dab906b84bf,Dorian295 Hoeger474,M,GENERAL PRACTICE,1440 GAR HWY,SOMERSET,MA,02726-1218,41.738479,-71.165065,20
c2eaa274-87b9-3df3-9aca-692d2e93032f,150d4bec-d11c-3014-8818-45127743725d,Timothy142 Beatty507,M,PHYSICAL THERAPY,69 BAYVIEW AVE,BERKLEY,MA,02779-1924,41.838060999999996,-71.07761500000001,0
2a97341e-f04f-3bc9-8e42-394640f36a2d,150d4bec-d11c-3014-8818-45127743725d,Timothy142 Beatty507,M,GENERAL PRACTICE,69 BAYVIEW AVE,BERKLEY,MA,02779-1924,41.838060999999996,-71.07761500000001,35
b2dec75d-aa07-34bf-8aa2-60585363a145,927eb0a8-c2d9-3c94-9741-4ce636ae4b06,Sharee66 Hermiston71,F,CHIROPRACTIC,17 COCASSET ST,FOXBOROUGH,MA,02035-2948,42.061338,-71.245802,0
d0dc3a77-4af8-3e00-89c5-8e2f9a74bc32,927eb0a8-c2d9-3c94-9741-4ce636ae4b06,Derrick232 Hermiston71,M,GENERAL PRACTICE,17 COCASSET ST,FOXBOROUGH,MA,02035-2948,42.061338,-71.245802,63
1fcf7054-2d3c-304e-9cd8-6eeef155497b,9cb9c46d-64f4-3f51-9cbb-f16b27e8b771,Shelli447 Gislason620,F,CHIROPRACTIC,53 SPRINGFIELD ST,CHICOPEE,MA,01013-2624,42.175668,-72.572257,0
2c5781f6-f523-328f-8db8-7fbda3118c4b,9cb9c46d-64f4-3f51-9cbb-f16b27e8b771,Troy560 Gislason620,M,GENERAL PRACTICE,53 SPRINGFIELD ST,CHICOPEE,MA,01013-2624,42.175668,-72.572257,97
4ff3e3ea-dfa5-32b5-ae8f-1ae0516b34a7,bd8121a6-06dc-31be-93fa-a87e9529b7c2,Maya972 Zulauf375,F,CHIROPRACTIC,35 TROLLEY CROSSING RD,CHARLTON,MA,01507-1369,42.133935,-71.968025,0
5ce0f0b4-bffb-3fc0-952a-60adf16290f0,bd8121a6-06dc-31be-93fa-a87e9529b7c2,Bobbie849 Zulauf375,M,GENERAL PRACTICE,35 TROLLEY CROSSING RD,CHARLTON,MA,01507-1369,42.133935,-71.968025,46
573d5c84-4bc9-3caf-9f7a-3af69397fb65,29769c4a-4330-3209-b546-1e1f12c7adc5,Ahmed109 Reinger292,M,GENERAL PRACTICE,31 PINE ST,NORFOLK,MA,02056-1642,42.116244,-71.329274,20
69b308c7-4545-3674-8977-9d11f856ad4d,33dd4a4d-8b2d-34aa-9a7f-3289bb665248,Otis335 Cassin499,M,GENERAL PRACTICE,48 MAPLE AVE,SHREWSBURY,MA,01545-2938,42.284766999999995,-71.714228,36
99f98496-6456-3496-af7f-cd4694c0e475,8c249853-c6e2-34bc-b301-045f08eac03e,Talisha682 Gutkowski940,F,GENERAL PRACTICE,25 OLD WESTPORT RD,NORTH DARTMOUTH,MA,02747-2537,41.646686,-70.999158,64
c59a641b-51fd-354b-ab10-a59bdc72111c,9877f0c9-b716-3b85-b96e-13522cc33348,Edmundo94 McClure239,M,PODIATRY,533 FRANKLIN ST,MELROSE,MA,02176-1742,42.455723,-71.05901899999999,0
67801d1c-eb3b-3ff9-abe8-e2eb598b9b04,9877f0c9-b716-3b85-b96e-13522cc33348,Edmundo94 McClure239,M,GENERAL PRACTICE,533 FRANKLIN ST,MELROSE,MA,02176-1742,42.455723,-71.05901899999999,29
6d652e26-07f2-3d7e-b183-2c6baa40d2b6,bce310c4-5b58-330c-85ab-36faa54c2d0c,Annamaria402 Wehner319,F,GENERAL PRACTICE,200 WALNUT ST,SAUGUS,MA,01906-1158,42.468432,-71.01394599999999,70
3dd67b73-a840-39aa-bda8-27677c4b7625,7533082e-ead6-3a6f-8b54-f29c0fcbaf82,Mitchell808 Lang846,M,ANESTHESIOLOGY,135 LAKE ST,MIDDLETON,MA,01949-2024,42.610513,-71.007118,0
fbd55e54-647e-30b9-90bc-8834dbd15fd0,7533082e-ead6-3a6f-8b54-f29c0fcbaf82,Shalon513 Hansen121,F,ANESTHESIOLOGY,135 LAKE ST,MIDDLETON,MA,01949-2024,42.610513,-71.007118,0
18ca4948-4e9d-3b1f-987f-c4c58cf705d7,7533082e-ead6-3a6f-8b54-f29c0fcbaf82,Stacie105 Lang846,F,GENERAL PRACTICE,135 LAKE ST,MIDDLETON,MA,01949-2024,42.610513,-71.007118,42
cc6c0caf-bde3-3d04-a64f-cfe7e7b99689,d3c7fd37-7465-39ca-bceb-c855bedabd2c,Loren192 Schmidt332,M,PODIATRY,2 CHAMBERLAIN AVE,WINTHROP,MA,02152-1011,42.375541,-70.970646,0
ade11e27-2b66-32ad-90f2-d1ba3d1b47de,d3c7fd37-7465-39ca-bceb-c855bedabd2c,Sheree902 Mosciski958,F,PODIATRY,2 CHAMBERLAIN AVE,WINTHROP,MA,02152-1011,42.375541,-70.970646,0
15e9192f-59ad-3085-bdbd-e912b05ce3b9,d3c7fd37-7465-39ca-bceb-c855bedabd2c,Loren192 Schmidt332,M,GENERAL PRACTICE,2 CHAMBERLAIN AVE,WINTHROP,MA,02152-1011,42.375541,-70.970646,25
c274ee00-cbdd-3e7e-bdbd-68124febc365,a7da0683-1259-3792-9642-b3343aacddc6,Candi549 Nikolaus26,F,GENERAL PRACTICE,100 TER HEUN DR,FALMOUTH,MA,02540-2503,41.594939000000004,-70.599243,58
405f0323-35e3-3fd7-b4a4-cdfafe4ac052,7753a595-c36a-360d-9fe9-226a9f7b822e,Hyman89 Littel644,M,DIAGNOSTIC RADIOLOGY,14 RICE RD,TEMPLETON,MA,01468-1332,42.563482,-72.07547199999999,0
1eca4ea7-7c01-3094-9f7b-7d26c4811fcd,7753a595-c36a-360d-9fe9-226a9f7b822e,Viki353 McClure239,F,DIAGNOSTIC RADIOLOGY,14 RICE RD,TEMPLETON,MA,01468-1332,42.563482,-72.07547199999999,0
ced78043-dc27-3429-bcfe-fc4423dfb70c,7753a595-c36a-360d-9fe9-226a9f7b822e,Brian582 Ullrich385,F,DIAGNOSTIC RADIOLOGY,14 RICE RD,TEMPLETON,MA,01468-1332,42.563482,-72.07547199999999,0
1db29eb6-8f09-3e5e-9bd4-80c3a002adef,7753a595-c36a-360d-9fe9-226a9f7b822e,Cornell131 Reilly981,M,DIAGNOSTIC RADIOLOGY,14 RICE RD,TEMPLETON,MA,01468-1332,42.563482,-72.07547199999999,0
4370067e-8d1b-34a8-b0b7-38e662f943e4,7753a595-c36a-360d-9fe9-226a9f7b822e,Naomi520 Barton704,F,DIAGNOSTIC RADIOLOGY,14 RICE RD,TEMPLETON,MA,01468-1332,42.563482,-72.07547199999999,0
364d0cb2-142a-374c-8d22-1314b62d54e3,7753a595-c36a-360d-9fe9-226a9f7b822e,Alanna27 Littel644,F,GENERAL PRACTICE,14 RICE RD,TEMPLETON,MA,01468-1332,42.563482,-72.07547199999999,44
0d15a909-a62c-3954-9706-1b5aa7f01dfd,f43d6681-f2aa-3bb7-81c6-8abe6cfe7a15,Maudie129 Beier427,F,GENERAL PRACTICE,54 HOPEDALE ST,HOPEDALE,MA,01747-1719,42.123007,-71.53140400000001,38
59610cd3-cfb5-38d5-b6d8-4274d4798c4b,9ffb641c-8312-35c4-92f4-b8ac162f50c2,Candance389 Morar593,F,GENERAL PRACTICE,607 N AVE,WAKEFIELD,MA,01880,42.50436,-71.064061,28
68672064-0b89-3a4e-8852-1b8a2115e22a,0f0abae6-d54e-34d0-b1cd-e5cf1f71efd1,Emmanuel930 Rodriguez71,M,OPTOMETRY,175 CONNORS ST,GARDNER,MA,01440-2637,42.584206,-71.988737,0
75a116c0-1265-34b8-a6e3-9e5cf29c03b3,0f0abae6-d54e-34d0-b1cd-e5cf1f71efd1,Emmanuel930 Rodriguez71,M,FAMILY PRACTICE,175 CONNORS ST,GARDNER,MA,01440-2637,42.584206,-71.988737,0
59499eb6-caf8-3eb8-b20a-8b53eccfaf76,0f0abae6-d54e-34d0-b1cd-e5cf1f71efd1,Alejandro916 Atencio773,M,FAMILY PRACTICE,175 CONNORS ST,GARDNER,MA,01440-2637,42.584206,-71.988737,0
3d22e5e5-fef8-30d4-b122-ef7d6409b5d6,0f0abae6-d54e-34d0-b1cd-e5cf1f71efd1,Letisha598 Rodriguez71,F,OSTEOPATHIC MANIPULATIVE MEDICINE,175 CONNORS ST,GARDNER,MA,01440-2637,42.584206,-71.988737,0
84ae7ef7-4542-3998-9838-6367ebd3ee6b,0f0abae6-d54e-34d0-b1cd-e5cf1f71efd1,Letisha598 Rodriguez71,F,GENERAL PRACTICE,175 CONNORS ST,GARDNER,MA,01440-2637,42.584206,-71.988737,30
e529ef75-be39-313c-8cb5-f2f97497d7a9,20fb6c61-e9c0-3edc-8d92-952675c896c4,Sonia106 Fahey393,F,GENERAL PRACTICE,92 HIGHLAND ST,MILTON,MA,02186-3800,42.241557,-71.082432,24
b7aae7f7-670b-36bd-9047-3b52202b7a09,9f8adac8-38c6-354d-93d8-8af0215b66df,Ervin886 Wintheiser220,M,GENERAL PRACTICE,421 MERRIMACK ST,METHUEN,MA,01844-5865,42.742751,-71.178588,48
c1fb9640-1b36-384a-94a6-99350a85bc92,e77c1b5c-f06d-3d7f-9afb-9f54b9a35728,Rocco842 Hermiston71,M,PODIATRY,471 S MAIN ST,BRADFORD,MA,01835-7247,42.782945,-71.087436,0
6338b189-49e1-3be1-a2d9-9e896510876f,e77c1b5c-f06d-3d7f-9afb-9f54b9a35728,Felipa93 Hermiston71,F,GENERAL PRACTICE,471 S MAIN ST,BRADFORD,MA,01835-7247,42.782945,-71.087436,14
daa4cddd-9d7f-342c-b67f-eaa1bf571474,37b9bf2b-7b12-30db-b9cf-e62f3daf6559,Josefine519 Collier206,F,GENERAL PRACTICE,319 SOUTHBRIDGE ST,AUBURN,MA,01501-2541,42.198708,-71.846006,35
f9a84532-1365-3369-8471-d86617b2d9c9,dfb31775-671c-3a26-9874-3b862ce8f6d1,Steve819 Hansen121,M,GENERAL PRACTICE,100 COPELAND DR,MANSFIELD,MA,02048-1245,42.017302,-71.21641,63
d91ae7e3-8c90-3934-ac91-c081f4c13985,c1bf7bfd-7287-37cc-9836-cf77704c49a7,Minnie888 Hudson301,F,PHYSICIAN ASSISTANT,435 KING ST,FRANKLIN,MA,02038-2516,42.084858,-71.41057099999998,0
662bb896-6b3c-3eac-92ab-9e04f6af6c8c,c1bf7bfd-7287-37cc-9836-cf77704c49a7,Isaac321 Hudson301,M,GENERAL PRACTICE,435 KING ST,FRANKLIN,MA,02038-2516,42.084858,-71.41057099999998,22
f11d769d-6d92-36c7-a761-ca1d6422d2e4,c1bf7bfd-7287-37cc-9836-cf77704c49a7,Isaac321 Hudson301,M,INTERNAL MEDICINE,435 KING ST,FRANKLIN,MA,02038-2516,42.084858,-71.41057099999998,0
33c56093-7010-3d6b-b6f0-f0cdae1f2684,395a9f52-1f2d-35cd-8cfe-35e2771f8921,Conrad619 Gleason633,M,REGISTERED DIETITIAN OR NUTRITION PROFESSIONAL,567 CENTRAL ST,BOYLSTON,MA,01505-1523,42.355049,-71.716157,0
590052eb-c2e7-3703-a146-01c1ec2e9ef0,395a9f52-1f2d-35cd-8cfe-35e2771f8921,Conrad619 Gleason633,M,GENERAL PRACTICE,567 CENTRAL ST,BOYLSTON,MA,01505-1523,42.355049,-71.716157,45
f0ca3a71-0a70-3427-8b71-b91fbeea0e42,340e467f-f407-395e-aac3-b134baf9bcd5,Shaquana156 Boyer713,F,DIAGNOSTIC RADIOLOGY,21 GEORGE ST,LOWELL,MA,01852-2228,42.63898,-71.321141,0
f0a21183-d7af-32eb-8b21-ff3e64ab2293,340e467f-f407-395e-aac3-b134baf9bcd5,Romaine793 Volkman526,F,DIAGNOSTIC RADIOLOGY,21 GEORGE ST,LOWELL,MA,01852-2228,42.63898,-71.321141,0
a4367b9d-debf-3d84-8555-6b204b21c34c,340e467f-f407-395e-aac3-b134baf9bcd5,Carlos172 Boyer713,M,PSYCHIATRY,21 GEORGE ST,LOWELL,MA,01852-2228,42.63898,-71.321141,0
bee948ff-1ef5-3cf2-93ba-c3a2ec9b5e9a,340e467f-f407-395e-aac3-b134baf9bcd5,Gilbert263 Volkman526,M,PSYCHIATRY,21 GEORGE ST,LOWELL,MA,01852-2228,42.63898,-71.321141,0
5daf4266-c56b-3217-b1d8-5beb78e57131,340e467f-f407-395e-aac3-b134baf9bcd5,Carlos172 Boyer713,M,ADDICTION MEDICINE,21 GEORGE ST,LOWELL,MA,01852-2228,42.63898,-71.321141,0
e10b05ae-d6b6-38ef-8717-5ffec972c804,340e467f-f407-395e-aac3-b134baf9bcd5,Romaine793 Volkman526,F,ADDICTION MEDICINE,21 GEORGE ST,LOWELL,MA,01852-2228,42.63898,-71.321141,0
c56d518b-872e-34a7-b4d0-f0045ed651d3,340e467f-f407-395e-aac3-b134baf9bcd5,Shaquana156 Boyer713,F,PHYSICIAN ASSISTANT,21 GEORGE ST,LOWELL,MA,01852-2228,42.63898,-71.321141,0
0e07c4a5-b68b-3f95-ac1c-6636200d39e6,340e467f-f407-395e-aac3-b134baf9bcd5,Romaine793 Volkman526,F,PHYSICIAN ASSISTANT,21 GEORGE ST,LOWELL,MA,01852-2228,42.63898,-71.321141,0
871ab89b-a238-3509-b843-12c8ae723b85,340e467f-f407-395e-aac3-b134baf9bcd5,Shaquana156 Boyer713,F,GENERAL PRACTICE,21 GEORGE ST,LOWELL,MA,01852-2228,42.63898,-71.321141,26
6025cd3d-bff9-35e6-a366-0e77bf6ae5d2,340e467f-f407-395e-aac3-b134baf9bcd5,Gilbert263 Volkman526,M,GENERAL PRACTICE,21 GEORGE ST,LOWELL,MA,01852-2228,42.63898,-71.321141,22
1c9ef214-2d4e-3624-be2c-7f7e6b9db2a6,340e467f-f407-395e-aac3-b134baf9bcd5,Shaquana156 Boyer713,F,INTERNAL MEDICINE,21 GEORGE ST,LOWELL,MA,01852-2228,42.63898,-71.321141,0
ce6707d1-fd79-36f7-9b2e-1b44f7807803,340e467f-f407-395e-aac3-b134baf9bcd5,Romaine793 Volkman526,F,INTERNAL MEDICINE,21 GEORGE ST,LOWELL,MA,01852-2228,42.63898,-71.321141,0
a7d8dc50-535b-378d-96f1-9dab4c046d13,c1c433e1-9ed4-3730-bd86-d25de4fa96bf,Vernon254 Nitzsche158,M,DIAGNOSTIC RADIOLOGY,80 EVERETT AVE,CHELSEA,MA,02150-2339,42.396824,-71.031348,0
530fcea0-9b69-3b04-88af-06e9ba0aedfc,c1c433e1-9ed4-3730-bd86-d25de4fa96bf,Damon455 Parisian75,M,DIAGNOSTIC RADIOLOGY,80 EVERETT AVE,CHELSEA,MA,02150-2339,42.396824,-71.031348,0
24504672-7802-35b9-a196-6c8dd66182ca,c1c433e1-9ed4-3730-bd86-d25de4fa96bf,Marcene673 Zboncak558,F,DIAGNOSTIC RADIOLOGY,80 EVERETT AVE,CHELSEA,MA,02150-2339,42.396824,-71.031348,0
51836db0-2c90-3676-8718-c641bd68eadb,c1c433e1-9ed4-3730-bd86-d25de4fa96bf,Loise968 Schowalter414,F,DIAGNOSTIC RADIOLOGY,80 EVERETT AVE,CHELSEA,MA,02150-2339,42.396824,-71.031348,0
bcbb761e-9b89-365b-95d3-7fc5c940f933,c1c433e1-9ed4-3730-bd86-d25de4fa96bf,Nerissa37 Collins926,F,DIAGNOSTIC RADIOLOGY,80 EVERETT AVE,CHELSEA,MA,02150-2339,42.396824,-71.031348,0
1672214e-cfda-3967-8f03-4f27225828bb,c1c433e1-9ed4-3730-bd86-d25de4fa96bf,Melita22 Wilderman619,F,DIAGNOSTIC RADIOLOGY,80 EVERETT AVE,CHELSEA,MA,02150-2339,42.396824,-71.031348,0
f84fbefa-ff78-3081-ba26-9f79b822545a,c1c433e1-9ed4-3730-bd86-d25de4fa96bf,France571 Gislason620,F,DIAGNOSTIC RADIOLOGY,80 EVERETT AVE,CHELSEA,MA,02150-2339,42.396824,-71.031348,0
b98e7462-b339-339d-b7ac-326256e8304e,c1c433e1-9ed4-3730-bd86-d25de4fa96bf,Elise948 Gusikowski974,F,DIAGNOSTIC RADIOLOGY,80 EVERETT AVE,CHELSEA,MA,02150-2339,42.396824,-71.031348,0
2776430e-e69a-37f0-99da-9254bfd3e658,c1c433e1-9ed4-3730-bd86-d25de4fa96bf,Julius90 Murazik203,M,DIAGNOSTIC RADIOLOGY,80 EVERETT AVE,CHELSEA,MA,02150-2339,42.396824,-71.031348,0
821d4d7b-98a8-33ef-9164-bb744ef005ba,c1c433e1-9ed4-3730-bd86-d25de4fa96bf,Hermila490 Kilback373,F,DIAGNOSTIC RADIOLOGY,80 EVERETT AVE,CHELSEA,MA,02150-2339,42.396824,-71.031348,0
18793fe9-b1c2-379f-825f-bceddbb67be8,c1c433e1-9ed4-3730-bd86-d25de4fa96bf,Darell496 Padberg411,M,DIAGNOSTIC RADIOLOGY,80 EVERETT AVE,CHELSEA,MA,02150-2339,42.396824,-71.031348,0
0950c41e-386f-3e08-94c6-9790f8c53d81,c1c433e1-9ed4-3730-bd86-d25de4fa96bf,Catherine271 Kunde533,F,DIAGNOSTIC RADIOLOGY,80 EVERETT AVE,CHELSEA,MA,02150-2339,42.396824,-71.031348,0
2c0cdcc1-bffa-3edf-85ca-f9f7a4972b60,c1c433e1-9ed4-3730-bd86-d25de4fa96bf,Stefan297 Gutkowski940,M,DIAGNOSTIC RADIOLOGY,80 EVERETT AVE,CHELSEA,MA,02150-2339,42.396824,-71.031348,0
54aa8e3e-8bfd-30ea-a956-82937df3e53e,c1c433e1-9ed4-3730-bd86-d25de4fa96bf,Cesar434 Hayes766,M,DIAGNOSTIC RADIOLOGY,80 EVERETT AVE,CHELSEA,MA,02150-2339,42.396824,-71.031348,0
2bd3b047-f1a0-3574-8451-6dbd8d5ac687,c1c433e1-9ed4-3730-bd86-d25de4fa96bf,Roslyn469 O'Reilly797,F,DIAGNOSTIC RADIOLOGY,80 EVERETT AVE,CHELSEA,MA,02150-2339,42.396824,-71.031348,0
0af60370-b4ef-3387-8070-58074367aa53,c1c433e1-9ed4-3730-bd86-d25de4fa96bf,Frederic454 Kub800,M,DIAGNOSTIC RADIOLOGY,80 EVERETT AVE,CHELSEA,MA,02150-2339,42.396824,-71.031348,0
11eb8209-574b-35b7-b6ba-44e073f8c95c,c1c433e1-9ed4-3730-bd86-d25de4fa96bf,Toney527 Schimmel440,M,DIAGNOSTIC RADIOLOGY,80 EVERETT AVE,CHELSEA,MA,02150-2339,42.396824,-71.031348,0
2038f8cf-b29e-3de1-a56a-17d0b7a5247f,c1c433e1-9ed4-3730-bd86-d25de4fa96bf,Cole117 Moore224,M,DIAGNOSTIC RADIOLOGY,80 EVERETT AVE,CHELSEA,MA,02150-2339,42.396824,-71.031348,0
bd72c29a-f4fe-3301-9df9-b5a6b2af9c97,c1c433e1-9ed4-3730-bd86-d25de4fa96bf,Kimberely738 Cronin387,F,DIAGNOSTIC RADIOLOGY,80 EVERETT AVE,CHELSEA,MA,02150-2339,42.396824,-71.031348,0
b50a52e4-0279-30f4-b250-b398453b989c,c1c433e1-9ed4-3730-bd86-d25de4fa96bf,Juliane376 Wolf938,F,DIAGNOSTIC RADIOLOGY,80 EVERETT AVE,CHELSEA,MA,02150-2339,42.396824,-71.031348,0
1bd07219-e126-3d6c-82ef-08c14898650f,c1c433e1-9ed4-3730-bd86-d25de4fa96bf,Bonnie873 Graham902,F,DIAGNOSTIC RADIOLOGY,80 EVERETT AVE,CHELSEA,MA,02150-2339,42.396824,-71.031348,0
04696655-1d8a-3b8e-9ea3-1312bc22dfed,c1c433e1-9ed4-3730-bd86-d25de4fa96bf,Anya973 Braun514,F,DIAGNOSTIC RADIOLOGY,80 EVERETT AVE,CHELSEA,MA,02150-2339,42.396824,-71.031348,0
2f78a479-b0ed-3164-ab03-a050a3f5c7e5,c1c433e1-9ed4-3730-bd86-d25de4fa96bf,Moshe758 O'Conner199,M,DIAGNOSTIC RADIOLOGY,80 EVERETT AVE,CHELSEA,MA,02150-2339,42.396824,-71.031348,0
54e94408-52dd-3e24-813d-710e8c3a05a0,c1c433e1-9ed4-3730-bd86-d25de4fa96bf,Warner493 Koss676,M,DIAGNOSTIC RADIOLOGY,80 EVERETT AVE,CHELSEA,MA,02150-2339,42.396824,-71.031348,0
6e820c62-8944-370d-8fb1-b1f173b7285e,c1c433e1-9ed4-3730-bd86-d25de4fa96bf,Rosann381 Satterfield305,F,DIAGNOSTIC RADIOLOGY,80 EVERETT AVE,CHELSEA,MA,02150-2339,42.396824,-71.031348,0
ec363678-121e-3d67-a9ff-bfd6ef18d66c,c1c433e1-9ed4-3730-bd86-d25de4fa96bf,Pearl430 Metz686,F,DIAGNOSTIC RADIOLOGY,80 EVERETT AVE,CHELSEA,MA,02150-2339,42.396824,-71.031348,0
d350226f-20ea-39f1-8db8-15850409191c,c1c433e1-9ed4-3730-bd86-d25de4fa96bf,Oren284 Walker122,M,DIAGNOSTIC RADIOLOGY,80 EVERETT AVE,CHELSEA,MA,02150-2339,42.396824,-71.031348,0
fea2d6af-7253-347f-9298-9ede9865823d,c1c433e1-9ed4-3730-bd86-d25de4fa96bf,Don899 Willms744,M,DIAGNOSTIC RADIOLOGY,80 EVERETT AVE,CHELSEA,MA,02150-2339,42.396824,-71.031348,0
0c0a5db3-5e1b-30de-8e53-c2a35a7563f0,c1c433e1-9ed4-3730-bd86-d25de4fa96bf,Wallace647 Lueilwitz711,M,DIAGNOSTIC RADIOLOGY,80 EVERETT AVE,CHELSEA,MA,02150-2339,42.396824,-71.031348,0
d937cbf9-3554-3845-8c22-1ca7c98f13e8,c1c433e1-9ed4-3730-bd86-d25de4fa96bf,Marlen929 Hilpert278,F,DIAGNOSTIC RADIOLOGY,80 EVERETT AVE,CHELSEA,MA,02150-2339,42.396824,-71.031348,0
ba606540-c0c4-3f3f-ab20-2505e91521d1,c1c433e1-9ed4-3730-bd86-d25de4fa96bf,Houston994 Von197,M,DIAGNOSTIC RADIOLOGY,80 EVERETT AVE,CHELSEA,MA,02150-2339,42.396824,-71.031348,0
d4be0134-112e-3e38-be54-eff3fa8da10b,c1c433e1-9ed4-3730-bd86-d25de4fa96bf,Morris740 Rice937,M,DIAGNOSTIC RADIOLOGY,80 EVERETT AVE,CHELSEA,MA,02150-2339,42.396824,-71.031348,0
e40224d5-7cc4-3700-87b7-bcde1ca5bafb,c1c433e1-9ed4-3730-bd86-d25de4fa96bf,Isa815 Bayer639,F,DIAGNOSTIC RADIOLOGY,80 EVERETT AVE,CHELSEA,MA,02150-2339,42.396824,-71.031348,0
a69c20d3-2784-39ec-b74a-16aafd119af7,c1c433e1-9ed4-3730-bd86-d25de4fa96bf,Joaquin141 Stracke611,M,DIAGNOSTIC RADIOLOGY,80 EVERETT AVE,CHELSEA,MA,02150-2339,42.396824,-71.031348,0
a017e58d-35d4-3a4c-8890-1ad3d866cc71,c1c433e1-9ed4-3730-bd86-d25de4fa96bf,Lula998 Jast432,F,DIAGNOSTIC RADIOLOGY,80 EVERETT AVE,CHELSEA,MA,02150-2339,42.396824,-71.031348,0
9812d353-2085-3cf4-abfa-1ad76176b7cb,c1c433e1-9ed4-3730-bd86-d25de4fa96bf,Oliver401 Fahey393,M,DIAGNOSTIC RADIOLOGY,80 EVERETT AVE,CHELSEA,MA,02150-2339,42.396824,-71.031348,0
0f5e19ec-7c8e-362b-97a9-9a400d96d0f5,c1c433e1-9ed4-3730-bd86-d25de4fa96bf,Edward499 Leuschke194,M,DIAGNOSTIC RADIOLOGY,80 EVERETT AVE,CHELSEA,MA,02150-2339,42.396824,-71.031348,0
026f5271-e4dd-3662-b097-61e2907c08a8,c1c433e1-9ed4-3730-bd86-d25de4fa96bf,Kelley882 Hermann103,M,DIAGNOSTIC RADIOLOGY,80 EVERETT AVE,CHELSEA,MA,02150-2339,42.396824,-71.031348,0
ffa5dea2-51fb-3cd0-a9b5-96c9f502b7a4,c1c433e1-9ed4-3730-bd86-d25de4fa96bf,Essie785 Parker433,F,DIAGNOSTIC RADIOLOGY,80 EVERETT AVE,CHELSEA,MA,02150-2339,42.396824,-71.031348,0
4d3e7275-2742-32ed-aca9-425a717ceaa6,c1c433e1-9ed4-3730-bd86-d25de4fa96bf,Amado512 Reichel38,M,DIAGNOSTIC RADIOLOGY,80 EVERETT AVE,CHELSEA,MA,02150-2339,42.396824,-71.031348,0
e1221cf8-5001-3e1e-9916-44f13c7291d6,c1c433e1-9ed4-3730-bd86-d25de4fa96bf,Leif534 Bartell116,M,DIAGNOSTIC RADIOLOGY,80 EVERETT AVE,CHELSEA,MA,02150-2339,42.396824,-71.031348,0
49e47114-a8d5-3dc5-bd93-c1c961756f63,c1c433e1-9ed4-3730-bd86-d25de4fa96bf,Salvatore257 Stamm704,M,DIAGNOSTIC RADIOLOGY,80 EVERETT AVE,CHELSEA,MA,02150-2339,42.396824,-71.031348,0
f58b8d8b-9fcb-39e5-9c3c-0eb066111b2e,c1c433e1-9ed4-3730-bd86-d25de4fa96bf,Barry322 Daniel959,M,DIAGNOSTIC RADIOLOGY,80 EVERETT AVE,CHELSEA,MA,02150-2339,42.396824,-71.031348,0
9e5f2d16-10af-33bc-b74b-6cd2f5ab3bc4,c1c433e1-9ed4-3730-bd86-d25de4fa96bf,Trish512 Zemlak964,F,DIAGNOSTIC RADIOLOGY,80 EVERETT AVE,CHELSEA,MA,02150-2339,42.396824,-71.031348,0
4bc9e472-0f6f-382b-98cc-ada8205ba550,c1c433e1-9ed4-3730-bd86-d25de4fa96bf,Kyung736 Aufderhar910,F,DIAGNOSTIC RADIOLOGY,80 EVERETT AVE,CHELSEA,MA,02150-2339,42.396824,-71.031348,0
a3bd9ccd-dc84-3cdb-96f5-2d7353867e87,c1c433e1-9ed4-3730-bd86-d25de4fa96bf,Karissa612 Smitham825,F,DIAGNOSTIC RADIOLOGY,80 EVERETT AVE,CHELSEA,MA,02150-2339,42.396824,-71.031348,0
61e4770d-6db4-3cca-a92b-0d972e3d58b3,c1c433e1-9ed4-3730-bd86-d25de4fa96bf,Weldon459 Cruickshank494,M,DIAGNOSTIC RADIOLOGY,80 EVERETT AVE,CHELSEA,MA,02150-2339,42.396824,-71.031348,0
2391fd49-57ac-357f-a75f-933d9ad0d107,c1c433e1-9ed4-3730-bd86-d25de4fa96bf,Darron84 Douglas31,M,DIAGNOSTIC RADIOLOGY,80 EVERETT AVE,CHELSEA,MA,02150-2339,42.396824,-71.031348,0
7e8bf27c-fde4-36ee-b114-052b9a71322a,c1c433e1-9ed4-3730-bd86-d25de4fa96bf,Rayford811 Langosh790,M,DIAGNOSTIC RADIOLOGY,80 EVERETT AVE,CHELSEA,MA,02150-2339,42.396824,-71.031348,0
247137ed-4143-3bab-94ed-c89ca1f0ea82,c1c433e1-9ed4-3730-bd86-d25de4fa96bf,Cheyenne169 Harber290,F,DIAGNOSTIC RADIOLOGY,80 EVERETT AVE,CHELSEA,MA,02150-2339,42.396824,-71.031348,0
7ffc711e-275f-3228-a394-ba087a6d849a,c1c433e1-9ed4-3730-bd86-d25de4fa96bf,Abdul218 O'Kon634,M,DIAGNOSTIC RADIOLOGY,80 EVERETT AVE,CHELSEA,MA,02150-2339,42.396824,-71.031348,0
1793b46b-e0e4-387d-a9f5-aeda1f791a71,c1c433e1-9ed4-3730-bd86-d25de4fa96bf,Johnie961 Kozey370,M,DIAGNOSTIC RADIOLOGY,80 EVERETT AVE,CHELSEA,MA,02150-2339,42.396824,-71.031348,0
522df6b9-adf8-383f-bd8b-813ed216ee30,c1c433e1-9ed4-3730-bd86-d25de4fa96bf,Alisha974 Schaden604,F,DIAGNOSTIC RADIOLOGY,80 EVERETT AVE,CHELSEA,MA,02150-2339,42.396824,-71.031348,0
1ef5ea82-d3e8-3a16-8b34-eff6b20353cd,c1c433e1-9ed4-3730-bd86-d25de4fa96bf,Sherrie396 Schuster709,F,DIAGNOSTIC RADIOLOGY,80 EVERETT AVE,CHELSEA,MA,02150-2339,42.396824,-71.031348,0
3fafbb2f-cf83-35f8-bd30-e19a3facb035,c1c433e1-9ed4-3730-bd86-d25de4fa96bf,Eli762 Cormier289,M,DIAGNOSTIC RADIOLOGY,80 EVERETT AVE,CHELSEA,MA,02150-2339,42.396824,-71.031348,0
92465f8f-8236-3516-9114-f5dfa0fbdc3d,c1c433e1-9ed4-3730-bd86-d25de4fa96bf,Assunta351 Wisoky380,F,DIAGNOSTIC RADIOLOGY,80 EVERETT AVE,CHELSEA,MA,02150-2339,42.396824,-71.031348,0
70b122e0-d49a-3b5d-858f-7ef1395598b5,c1c433e1-9ed4-3730-bd86-d25de4fa96bf,Britt177 Gorczany269,M,DIAGNOSTIC RADIOLOGY,80 EVERETT AVE,CHELSEA,MA,02150-2339,42.396824,-71.031348,0
436f45a7-34d8-386a-92c2-4e4cac2f374a,c1c433e1-9ed4-3730-bd86-d25de4fa96bf,Mercedez75 Boyer713,F,DIAGNOSTIC RADIOLOGY,80 EVERETT AVE,CHELSEA,MA,02150-2339,42.396824,-71.031348,0
75bd7341-143c-3555-b544-c5050de74023,c1c433e1-9ed4-3730-bd86-d25de4fa96bf,Sacha430 Nikolaus26,F,DIAGNOSTIC RADIOLOGY,80 EVERETT AVE,CHELSEA,MA,02150-2339,42.396824,-71.031348,0
2c3ea907-709e-33fb-a7b5-8be37af93824,c1c433e1-9ed4-3730-bd86-d25de4fa96bf,Santiago500 Koch169,M,DIAGNOSTIC RADIOLOGY,80 EVERETT AVE,CHELSEA,MA,02150-2339,42.396824,-71.031348,0
eb5cd87d-5c19-389f-8501-7c363551a7a4,c1c433e1-9ed4-3730-bd86-d25de4fa96bf,Kendall673 Glover433,M,DIAGNOSTIC RADIOLOGY,80 EVERETT AVE,CHELSEA,MA,02150-2339,42.396824,-71.031348,0
d7ca6140-41b6-3ca5-863b-78b327f14929,c1c433e1-9ed4-3730-bd86-d25de4fa96bf,Josette398 Borer986,F,DIAGNOSTIC RADIOLOGY,80 EVERETT AVE,CHELSEA,MA,02150-2339,42.396824,-71.031348,0
1d5e2454-5558-3bab-bdb3-7b0787709d52,c1c433e1-9ed4-3730-bd86-d25de4fa96bf,Andre610 Jerde200,M,DIAGNOSTIC RADIOLOGY,80 EVERETT AVE,CHELSEA,MA,02150-2339,42.396824,-71.031348,0
d04ff5d4-263e-33a0-b511-ca818a9e6770,c1c433e1-9ed4-3730-bd86-d25de4fa96bf,Efren426 Feeney44,M,DIAGNOSTIC RADIOLOGY,80 EVERETT AVE,CHELSEA,MA,02150-2339,42.396824,-71.031348,0
9d64eea7-4fc9-358b-a5bb-2f9abdd43248,c1c433e1-9ed4-3730-bd86-d25de4fa96bf,Samuel331 Littel644,M,DIAGNOSTIC RADIOLOGY,80 EVERETT AVE,CHELSEA,MA,02150-2339,42.396824,-71.031348,0
309ddf14-3e48-3129-9042-041df8e16339,c1c433e1-9ed4-3730-bd86-d25de4fa96bf,Edris973 McClure239,F,DIAGNOSTIC RADIOLOGY,80 EVERETT AVE,CHELSEA,MA,02150-2339,42.396824,-71.031348,0
34bcd485-a047-332e-8fe6-677bd6a753cf,c1c433e1-9ed4-3730-bd86-d25de4fa96bf,Eugene421 Upton904,M,DIAGNOSTIC RADIOLOGY,80 EVERETT AVE,CHELSEA,MA,02150-2339,42.396824,-71.031348,0
d47fa4b3-6d7a-357b-b1d8-8662993700c1,c1c433e1-9ed4-3730-bd86-d25de4fa96bf,Len277 Reilly981,M,DIAGNOSTIC RADIOLOGY,80 EVERETT AVE,CHELSEA,MA,02150-2339,42.396824,-71.031348,0
04a4acf8-9236-3230-87e5-0e30ab41d689,c1c433e1-9ed4-3730-bd86-d25de4fa96bf,Addie421 Barton704,F,DIAGNOSTIC RADIOLOGY,80 EVERETT AVE,CHELSEA,MA,02150-2339,42.396824,-71.031348,0
2fb86f7b-e43f-35bd-9430-6af82ba3e211,c1c433e1-9ed4-3730-bd86-d25de4fa96bf,Vena594 Stehr398,F,DIAGNOSTIC RADIOLOGY,80 EVERETT AVE,CHELSEA,MA,02150-2339,42.396824,-71.031348,0
59d4655d-6fed-33ff-a011-e47c49695a1d,c1c433e1-9ed4-3730-bd86-d25de4fa96bf,Freeman822 Jacobi462,M,DIAGNOSTIC RADIOLOGY,80 EVERETT AVE,CHELSEA,MA,02150-2339,42.396824,-71.031348,0
cdb50678-7baa-382b-aa6e-cb6526883003,c1c433e1-9ed4-3730-bd86-d25de4fa96bf,Annabelle638 Emmerich580,F,DIAGNOSTIC RADIOLOGY,80 EVERETT AVE,CHELSEA,MA,02150-2339,42.396824,-71.031348,0
c92b48ff-46f3-3e73-880a-b842498bb960,c1c433e1-9ed4-3730-bd86-d25de4fa96bf,Colton403 Legros616,M,DIAGNOSTIC RADIOLOGY,80 EVERETT AVE,CHELSEA,MA,02150-2339,42.396824,-71.031348,0
424ef4c7-328c-37a1-9007-61e816ee5eeb,c1c433e1-9ed4-3730-bd86-d25de4fa96bf,Alexandra16 Nitzsche158,F,CARDIOVASCULAR DISEASE (CARDIOLOGY),80 EVERETT AVE,CHELSEA,MA,02150-2339,42.396824,-71.031348,0
71239264-75a3-349f-81e4-b4eff9437a52,c1c433e1-9ed4-3730-bd86-d25de4fa96bf,Damon455 Parisian75,M,CARDIOVASCULAR DISEASE (CARDIOLOGY),80 EVERETT AVE,CHELSEA,MA,02150-2339,42.396824,-71.031348,0
fe60e2a6-65b5-3a2f-a9d8-128cb54f2eae,c1c433e1-9ed4-3730-bd86-d25de4fa96bf,Alexandra16 Nitzsche158,F,GENERAL PRACTICE,80 EVERETT AVE,CHELSEA,MA,02150-2339,42.396824,-71.031348,8
a8c8c0e6-d247-34bf-acd2-e61a74e15322,c1c433e1-9ed4-3730-bd86-d25de4fa96bf,Vernon254 Nitzsche158,M,NUCLEAR MEDICINE,80 EVERETT AVE,CHELSEA,MA,02150-2339,42.396824,-71.031348,0
f75b1ada-c406-3741-9756-844708646a30,37362d32-a494-30a7-9ca6-ad833d53394f,Tracey100 Reilly981,M,GENERAL PRACTICE,2 HOSPITAL DR,HOLYOKE,MA,01040-6614,42.211656,-72.642448,28
c421ae12-73f4-33f2-b4e9-57ce2cc5f32e,a51c74d8-5d57-3ec9-8578-442295853f2a,Tricia672 Walter473,F,GENERAL PRACTICE,235 N PEARL ST,BROCKTON,MA,02301-1794,42.082543,-71.024638,34
20656d04-b898-36af-a7ba-abb2abe48f27,970d2bb4-6018-36bd-ad5a-7c61a10e603a,Breanna581 West559,F,GENERAL PRACTICE,115 W SILVER ST,WESTFIELD,MA,01085-3678,42.138838,-72.755911,28
42e50141-9f0b-33db-9019-95724382a503,d280bb3c-0c3d-327f-aefd-45bce5923116,Hugo693 Kovacek682,M,GENERAL PRACTICE,68 MAIN ST,PEPPERELL,MA,01463-1560,42.670643,-71.602858,51
a6f94207-3aa0-3133-afd4-799f77622cb7,31e44858-c1ac-3db0-a01d-11b8730a152f,Marvel321 Klocko335,F,GENERAL PRACTICE,489 WASHINGTON ST,AUBURN,MA,01501-2717,42.198708,-71.846006,20
8999d5c1-024b-3292-8aef-3ebd5ab85ffd,5cff4aae-1731-33fe-971a-8dae2b29bda3,Janae99 Goyette777,F,GENERAL PRACTICE,265 BENTON DR,EAST LONGMEADOW,MA,01028-3219,42.062378,-72.498111,52
dfdca267-e026-3a49-8fd9-9ac5d007827b,a95684bd-b222-3e5e-8d18-805e5ae45705,Lona294 Barton704,F,DIAGNOSTIC RADIOLOGY,86 ASHLEY AVE,WEST SPRINGFIELD,MA,01089-1302,42.125451,-72.649734,0
424aed39-32a9-3b89-b896-7fa5f25020d6,a95684bd-b222-3e5e-8d18-805e5ae45705,Lona294 Barton704,F,GENERAL PRACTICE,86 ASHLEY AVE,WEST SPRINGFIELD,MA,01089-1302,42.125451,-72.649734,34
b41b3b32-2a0e-389f-9a6b-5b2d609a3915,5a9ded14-4f2b-3d66-9301-02c8fb81c8fd,Digna973 Weber641,F,NURSE PRACTITIONER,106 E MAIN ST,WESTBORO,MA,01581-1494,42.267441,-71.617492,0
ab2f3dc3-c406-35c9-8363-43dcc94f88ec,5a9ded14-4f2b-3d66-9301-02c8fb81c8fd,Alejandro916 Weber641,M,OBSTETRICS/GYNECOLOGY,106 E MAIN ST,WESTBORO,MA,01581-1494,42.267441,-71.617492,0
5408eaaf-d0b7-3376-b8cc-bb3352199ae5,5a9ded14-4f2b-3d66-9301-02c8fb81c8fd,Digna973 Weber641,F,PHYSICAL THERAPY,106 E MAIN ST,WESTBORO,MA,01581-1494,42.267441,-71.617492,0
0f35a723-45e0-3149-a363-99db3aa5a1e1,5a9ded14-4f2b-3d66-9301-02c8fb81c8fd,Audrie782 Romaguera67,F,PHYSICAL THERAPY,106 E MAIN ST,WESTBORO,MA,01581-1494,42.267441,-71.617492,0
66414762-ff3b-36b3-bd5f-de83cee321be,5a9ded14-4f2b-3d66-9301-02c8fb81c8fd,Alejandro916 Weber641,M,FAMILY PRACTICE,106 E MAIN ST,WESTBORO,MA,01581-1494,42.267441,-71.617492,0
d76a0114-01da-336a-a2f5-15be1f2a8e3b,5a9ded14-4f2b-3d66-9301-02c8fb81c8fd,Alejandro916 Weber641,M,OCCUPATIONAL THERAPY,106 E MAIN ST,WESTBORO,MA,01581-1494,42.267441,-71.617492,0
04d81f98-b890-36dc-92fc-c9dfcb9a240a,5a9ded14-4f2b-3d66-9301-02c8fb81c8fd,Alejandro916 Weber641,M,GENERAL PRACTICE,106 E MAIN ST,WESTBORO,MA,01581-1494,42.267441,-71.617492,68
1ca21d04-b003-3c4e-850f-fd9ea9425416,5a9ded14-4f2b-3d66-9301-02c8fb81c8fd,Alejandro916 Weber641,M,INTERNAL MEDICINE,106 E MAIN ST,WESTBORO,MA,01581-1494,42.267441,-71.617492,0
cbe25b62-024a-3cd3-bf4f-045b8b7d08fe,ca2eaac0-decd-3e6b-9306-da358c0fcbf5,Celsa248 Cronin387,F,PHYSICAL THERAPY,2 BELMONT ST,EASTON,MA,02334,42.040515,-71.109329,0
c63f89f1-ee62-3c2b-a8bc-1162610e2fb3,ca2eaac0-decd-3e6b-9306-da358c0fcbf5,Bobbye345 Wolff180,F,PHYSICAL THERAPY,2 BELMONT ST,EASTON,MA,02334,42.040515,-71.109329,0
a604427b-0cd7-3e30-a00c-e66d0eed5d90,ca2eaac0-decd-3e6b-9306-da358c0fcbf5,Celsa248 Cronin387,F,GENERAL PRACTICE,2 BELMONT ST,EASTON,MA,02334,42.040515,-71.109329,80
7302a32f-8e68-39b1-8065-20e4552096aa,c4a6d801-eafb-370d-98a3-598c2667a310,Deedee112 Conroy74,F,GENERAL PRACTICE,10 WINTHROP ST,WORCESTER,MA,01604-4435,42.269478,-71.807783,16
9067588b-3bd0-39f9-8231-f0efc67554e2,7ba6f48e-4090-36a2-abe6-4412fa87d1e4,Cristopher265 Dooley940,M,GENERAL PRACTICE,99 CHURCH ST,LOWELL,MA,01852-2621,42.63898,-71.321141,69
eceff067-765b-35c0-98df-0c814e6c229a,10523c85-c2e7-376a-81ef-d9dfbb4d212f,Belle514 Vandervort697,F,ORTHOPEDIC SURGERY,602 BOADWAY,EVERETT,MA,02149,42.405938,-71.054649,0
5d9e05ae-a592-3676-8475-3ec90a568dbd,10523c85-c2e7-376a-81ef-d9dfbb4d212f,Andree11 White193,F,ORTHOPEDIC SURGERY,602 BOADWAY,EVERETT,MA,02149,42.405938,-71.054649,0
29b2c977-5726-3f89-8f88-1f2f86150847,10523c85-c2e7-376a-81ef-d9dfbb4d212f,Alfonso758 Vandervort697,M,GENERAL PRACTICE,602 BOADWAY,EVERETT,MA,02149,42.405938,-71.054649,33
291b4b43-1d26-3e02-b17c-e83bb3369d40,c55f661f-2b90-3897-ae3e-807e1461e5f7,Wayne846 Yost751,M,GENERAL PRACTICE,140 LINCOLN AVE,HAVERHILL,MA,01830-6700,42.782945,-71.087436,12
88f6201a-5119-390a-bc12-7bed989ac2a1,15264a42-b1a1-356f-bd11-d339db5cdb39,Ivonne773 Okuneva707,F,GENERAL PRACTICE,380 JOHN FITCH HWY,FITCHBURG,MA,01420-4502,42.601977000000005,-71.81586999999999,29
2a335984-7031-3cbb-b57d-c7f6bf6e9373,026c50a6-0d72-3be8-8157-cba23644b34b,Kallie862 Koss676,F,GENERAL PRACTICE,100 ROSEBROOK WAY,WAREHAM,MA,02571-1138,41.76104,-70.701779,41
042a086c-6557-345d-8d5d-499c51fe0227,7bb4538e-e698-3805-bfd1-05a51046cc03,Clemente531 Ward668,M,GENERAL PRACTICE,255 GRAPEVINE RD,WENHAM,MA,01984-1813,42.600633,-70.883303,81
6455e5ff-94c9-35ec-b31f-d73141033fb8,e6188bb8-3630-3704-98ce-c6c94fbfd55a,Nigel915 Streich926,M,GENERAL PRACTICE,711 W CTR ST,WEST BRIDGEWATER,MA,02379,42.021617,-71.026717,29
9d67f53d-69b1-33c9-a9ba-91ca1d22f7c7,aee9e5c4-d841-3623-90c2-9e2129fca0dc,Lazaro919 Bode78,M,GENERAL PRACTICE,52 CREST AVE,WINTHROP,MA,02152-1058,42.375541,-70.970646,37
bd19829d-fe3b-307b-88a6-ce1b0f866c51,88f1fce1-dce3-3556-96b4-2a943b9af8ec,Lucius907 Hane680,M,NURSE PRACTITIONER,94 ELM ST,MILLBURY,MA,01527-2692,42.192246000000004,-71.777649,0
b3c6a7bc-0f05-351e-9e43-0b6e6a5ade71,88f1fce1-dce3-3556-96b4-2a943b9af8ec,Ngoc221 Considine820,F,NURSE PRACTITIONER,94 ELM ST,MILLBURY,MA,01527-2692,42.192246000000004,-71.777649,0
674e0d6a-3ee8-38d5-b171-af1d7e0a7644,88f1fce1-dce3-3556-96b4-2a943b9af8ec,Quyen270 Hane680,F,GENERAL PRACTICE,94 ELM ST,MILLBURY,MA,01527-2692,42.192246000000004,-71.777649,23
c6f2445f-3f68-34a5-bf8e-0bdae869714c,88f1fce1-dce3-3556-96b4-2a943b9af8ec,Lucius907 Hane680,M,INTERNAL MEDICINE,94 ELM ST,MILLBURY,MA,01527-2692,42.192246000000004,-71.777649,0
271f2432-2e45-3af6-b4a4-c0d9433c21b8,d816eedc-2b6a-3bda-9ebc-205ca52da42a,Les282 Bosco882,M,GENERAL PRACTICE,68 MAIN ST,ANDOVER,MA,01810-3846,42.648044,-71.161751,56
dc7c4e29-3607-390d-b015-f6950ad38eaf,1a5a8c56-e60c-3838-8f92-9ad133d9d5f5,Aliza77 Reichert620,F,GENERAL PRACTICE,38 BROAD ST,QUINCY,MA,02169-4604,42.261006,-71.008988,76
959ac867-0698-32cd-bd9f-769957632172,1a5a8c56-e60c-3838-8f92-9ad133d9d5f5,Aliza77 Reichert620,F,INTERNAL MEDICINE,38 BROAD ST,QUINCY,MA,02169-4604,42.261006,-71.008988,0
7dcc58e2-45ed-35b1-9043-12a9e3dd0506,219548e5-90d2-32ba-a6e1-686b11ec28b8,Shayne60 Smith67,M,GENERAL PRACTICE,170 GOVERNORS AVE,MEDFORD,MA,02155-1643,42.423844,-71.10923100000001,30
4a3be0c1-5ff6-3823-85fc-207c06561c4d,a6cb3dcb-9cd5-398c-9980-82dfa23bbc5a,Floy720 D'Amore443,F,GENERAL PRACTICE,2 MAIN ST,MONSON,MA,01057-1302,42.093596000000005,-72.321494,14
94dcd6d0-3899-31f6-86c9-e2e8edf287b3,5a6c72b5-3615-3fcb-b8c3-470e47c98a8b,Brooke250 Volkman526,F,DIAGNOSTIC RADIOLOGY,86 GREYSTONE LN,CARLISLE,MA,01741-1586,42.53662,-71.36183199999999,0
3c35b0d1-7e0e-31c0-85f3-d07605be82b1,5a6c72b5-3615-3fcb-b8c3-470e47c98a8b,Lucius907 Volkman526,M,GENERAL PRACTICE,86 GREYSTONE LN,CARLISLE,MA,01741-1586,42.53662,-71.36183199999999,16
2fb610ec-b6a8-309c-83c8-a7061e95d5e4,ce7cf858-b5ae-3f23-ac95-cce3ecdda178,Han309 Littel644,F,GENERAL PRACTICE,56 NEW DRIFTWAY,SCITUATE,MA,02066-4533,42.205062,-70.74297800000001,62
86194db5-c530-38f0-a02d-61733f7359fb,a0a14713-50c4-3818-b0cb-8c2047f1458c,Kortney212 Davis923,F,PHYSICAL THERAPY,7 HERRING POND RD,CEDARVILLE,MA,02360-6903,41.888191,-70.59996600000002,0
110391bf-f63c-3ad8-b595-69a5f0892812,a0a14713-50c4-3818-b0cb-8c2047f1458c,Kortney212 Davis923,F,GENERAL PRACTICE,7 HERRING POND RD,CEDARVILLE,MA,02360-6903,41.888191,-70.59996600000002,17
98f59b83-5e26-399f-b66a-83d1193d13a1,5f178592-5066-33f6-8594-e6f58caca21c,Constance642 McLaughlin530,F,GENERAL PRACTICE,5 INDUSTRIAL DRIVE,MASHPEE,MA,2649,41.6050403,-70.4944565,3
c6a75714-56a3-3f4a-bbd1-4136e636ad75,4feb5860-8c43-34ea-b2c8-84ff7ca8740b,Shalonda324 Swaniawski813,F,GENERAL PRACTICE,528 NEWTON STREET,FALL RIVER,MA,2721,41.672608,-71.1635601,1
2c457234-fefd-3fc5-844d-1a91ac68a882,92819cdc-db9e-387e-8c4f-4b2b4e8b2e4f,Zack583 Moore224,M,GENERAL PRACTICE,1230 BRIDGE STREET,LOWELL,MA,1850,42.6653405,-71.3038939,3
8e124fd5-66d5-3945-ac06-f848b9ae333e,0d1563c1-d56c-362e-9e3d-d74463ebbe0f,Valorie864 Ritchie586,F,GENERAL PRACTICE,629 PLEASANT STREET,BROCKTON,MA,2301,42.0892313,-71.04551,19
8c6f9935-feca-382e-a3c3-5787c6e115a5,a76bda1d-f42d-3046-b8c6-021f3db0a086,Kandace783 Reilly981,F,GENERAL PRACTICE,808 MAIN STREET,WALTHAM,MA,2451,42.3760766,-71.242893,2
a1193388-1397-3884-a524-3930050d3cbc,7116c200-6663-3503-8314-1ee16845e5d3,Charlie254 Hartmann983,M,GENERAL PRACTICE,85 PARKHURST ROAD,CHELMSFORD,MA,1824,42.6257767,-71.3593401,47
4afc65b0-20b5-3f81-8a74-6715f2d8fa22,3265f387-6c51-32ee-8f6d-b2a89caa34d5,Wes853 Koepp521,M,GENERAL PRACTICE,151 EVERETT AVENUE,CHELSEA,MA,2150,42.3961274,-71.0392206,3
3478c542-f4b0-3de2-b207-dd1e59cbd17a,c63d0602-724d-3d74-958a-a31b1364eaef,Johnathon489 Block661,M,GENERAL PRACTICE,111 GROSSMAN DRIVE,BRAINTREE,MA,2184,42.21004,-70.999539,3
785f99cf-0d28-394b-8d3b-7451c44da9af,cbbee84d-7644-3b24-9f41-e3747f5050df,Víctor493 Pulido715,M,GENERAL PRACTICE,26 QUEEN STREET,WORCESTER,MA,1610,42.2590345,-71.8139319,5
2f7ba734-3c1e-37a6-8d66-ac7aacb22865,f1313c7d-3148-335b-adc3-337f15567b82,Lou594 VonRueden376,F,GENERAL PRACTICE,500 SALEM STREET,WILMINGTON,MA,1887,42.5805281,-71.1438654,14
dae00b9e-c08c-35b1-82f1-a9a60466f6a8,df5a38ee-e493-3572-8f92-bb695aef9891,Kristopher775 Little434,M,GENERAL PRACTICE,489 BEARSES WAY,HYANNIS,MA,2601,41.6624796,-70.3008223,2
68fb714d-cf11-3298-b055-a2ae2cbe5da2,e3f1676b-9b40-3544-af4e-17a06bbb98bb,Burt293 Cronin387,M,GENERAL PRACTICE,637 WASHINGTON STREET,DORCHESTER,MA,2124,42.2894365,-71.0719941,3
2e660cc4-e086-30f7-a009-dfd6b96a99e3,6e62e63b-c39a-3211-99d8-8b8f0f06774e,Malisa137 Nitzsche158,F,GENERAL PRACTICE,19 TACOMA STREET,WORCESTER,MA,1605,42.3023113,-71.7661395,3
102e367a-6d2f-3e0e-8700-e9c9a57ffc27,62fa9127-485f-3032-87cc-6576d91fec94,Normand813 Gleichner915,M,GENERAL PRACTICE,1 ESSEX CENTER DRIVE,PEABODY,MA,1960,42.5369864,-70.9465423,4
9a11ee1d-efe1-3731-8153-7543bca11c1c,c0aa05be-e636-316f-80d7-8b0b5d2eb194,Brandon214 Brekke496,M,GENERAL PRACTICE,10 GOVE STREET,BOSTON,MA,2128,42.3719882,-71.0386237,1
b18437e1-251b-3697-a801-9f5c94224b9d,98d42012-384f-39d9-b210-cc654b9441f6,Margart214 Reichert620,F,GENERAL PRACTICE,525 LONG POND DRIVE,HARWICH,MA,2645,41.722586,-70.0372004,5
594441a8-e83e-39f6-a165-fea0ff2176f4,7ffe74ac-786d-3c6d-bcb9-323352f6149c,Celina578 Koelpin146,F,GENERAL PRACTICE,140 CARANDO DRIVE,SPRINGFIELD,MA,1104,42.1463818,-72.5335973,5
47b09804-de53-3be6-90a8-41360ca42f25,b06770b5-b695-3c1a-9685-ae2223966ff7,September423 Bosco882,F,GENERAL PRACTICE,66 SOUTH WASHINGTON STREET,NORTH ATTLEBORO,MA,2760,41.9799756,-71.3329695,21
8bc5c360-c618-330f-ab56-9b2f48595405,a9afd4c9-8443-3b5a-a486-07c3bb109b3f,Sammie902 DuBuque211,M,GENERAL PRACTICE,444 MONTGOMERY STREET,CHICOPEE,MA,1020,42.1718584,-72.5849672,486
2bc4b28a-77ef-30dd-9d82-a823808d95b4,9b5f23f1-c387-3a77-9359-752d26d7f997,Donald774 Simonis280,M,GENERAL PRACTICE,250 PARADISE ROAD,SWAMPSCOTT,MA,1907,42.47636,-70.9125322,1
00b78600-b597-30b7-9f9f-2ac8571c8aed,108ccece-277a-396f-8bf2-1527f74458eb,Agustín529 Pedroza523,M,GENERAL PRACTICE,51 LOCUST STREET,NORTHAMPTON,MA,1060,42.3323152,-72.6545646,1
7902a3fc-afa3-3ca5-ae4e-6c378643c861,0f7f97f6-693c-3de9-8190-85feaf4632e2,Malcolm243 Denesik803,M,GENERAL PRACTICE,1 HARBORSIDE DRIVE,EAST BOSTON,MA,2128,42.3634497,-71.0256963,3
b8f45676-ac2d-3d76-b2dd-f5516ddf8cf5,308b5efa-a9c2-3728-b1ff-d29c5f060731,Violeta106 Walter473,F,GENERAL PRACTICE,630 PLANTATION STREET,WORCESTER,MA,1605,42.2925591,-71.7603169,13
587941b2-c2f1-3a4d-9b51-c2d3acda529b,bbf934c6-faad-3483-a1d2-d2ecb693a0e2,Seymour882 Veum823,M,GENERAL PRACTICE,309 TEATICKET HIGHWAY,TEATICKET,MA,2536,41.5683439,-70.5940062,4
a9dd934a-d81b-32c0-a5ff-5fb47228637e,90cf148c-69ed-3d33-aa86-b509c6b0b25f,Karoline975 Bailey598,F,GENERAL PRACTICE,170 GOVERNORS AVENUE,MEDFORD,MA,2155,42.4259086,-71.1113649,1
